https, 670
de, 277
Casa, 240
RT, 231
La, 180
Papel, 137
casa, 136
season, 119
papel, 116
Netflix, 109
De, 98
3, 95
la, 94
I, 82
LaCasaDePapel, 57
Heist, 53
\u2018La, 52
Papel\u2019, 50
third, 47
2019, 46
Money, 43
Season, 40
The, 39
..., 38
New, 34
Part, 33
\n\n, 31
Atresmedia, 31
Third, 31
Deal, 30
confirmed, 30
Close, 29
Has, 29
aimed, 29
released, 29
\u201cLa, 28
Papel\u201d, 28
CONFIRMED, 27
\ud83d\udd25\ud83d\udd25\ud83d\udd25, 27
LA, 26
PAPEL, 26
Ali_Najjar, 26
//t.co/skEqgKUQIZ, 26
CASA, 25
DE, 25
LaurennShows, 25
LaCasaDePapel3, 25
LaCasaDePap\u2026, 25
confirms, 24
watch, 21
news, 21
Series, 21
'', 20
good, 20
n't, 19
Most-Watched, 19
Foreign, 19
Original, 19
Ever, 19
show, 18
2, 18
series, 17
e, 17
Variety, 17
poppoIIs, 17
//t.co/GE\u2026, 17
Berlin, 16
A, 16
Yes, 16
//t.co/84Qqn58T8p, 16
'm, 15
new, 15
renewed, 15
's, 14
netflix, 14
much, 14
I\u2019m, 14
Spanish, 14
don\u2019t, 13
Papel/Money, 13
OH, 13
MY, 13
nothing, 13
official, 13
watched, 12
money, 12
producing, 12
wait, 12
cast, 12
mas, 12
working, 12
fanmeet, 12
without, 11
tvtime, 11
watching, 11
Updated, 11
*new, 11
season*, 11
whmullally, 11
Of, 11
gon, 11
na, 11
possible, 11
teams, 11
ultimeventz, 11
little, 11
cauemoura, 11
walking, 11
dead, 11
duas, 11
\u2018Money, 11
Heist\u2019, 11
gt, 10
break, 10
know, 10
love, 10
like, 10
SO, 10
returning\u2026, 10
GOD, 10
everything, 10
sucks, 10
part, 10
bad, 10
ruin, 10
diffe\u2026, 10
FelipeSocoloski, 10
80km/h, 10
Confirms, 10
Spanish-Language, 10
Phenomenon, 10
one, 9
best, 9
've, 9
already, 9
ne, 9
another, 9
SEASON, 9
episode, 8
OMG, 8
FUCKING, 8
happy, 8
3rd, 8
it\u2019s, 8
SeriesBrasil, 8
renova, 8
Why, 8
god, 8
ca, 8
people, 7
got, 7
u, 7
IS, 7
amp, 7
PARDOOOOONNNNN, 7
Oh, 7
hotterthanswift, 7
cancela, 7
IM, 7
\ud83d\ude31, 7
getting, 7
\nLa, 7
NEWS, 7
\nhttps, 7
DEADLINE, 7
//t.co/XAbRYdVkTM, 7
//t.co/cJPNwyDBct, 7
stop, 6
actually, 6
ever, 6
It, 6
heist, 6
fucking, 6
feel, 6
day, 6
excited, 6
Good, 6
blvckfull, 6
//t.co/R6j2WPg0UL, 6
yeah, 6
HAPPY, 6
OMFG, 6
Yeah, 6
13, 6
still, 6
things, 6
right, 5
papel\, 5
professor, 5
prison, 5
If, 5
life, 5
tvshowtime, 5
Papel\, 5
coming, 5
del, 5
added, 5
library, 5
made, 5
\ud83d\ude0d, 5
hein, 5
really, 5
're, 5
TO, 5
NO, 5
1, 5
reasons, 5
My, 5
serie, 5
gozzi_silvana, 5
\ud83d\udea8\ud83d\udea8, 5
Come, 5
teacher, 5
\ud83d\ude0d\u2764\ufe0f\ud83d\ude0d, 5
\ud83d\udc4f, 5
saga, 5
greatest, 5
assaul\u2026, 5
think, 5
BIG, 5
//t.co/DJNrp2mNoq, 5
fuck, 4
dream, 4
IT, 4
super, 4
Is, 4
get, 4
finished, 4
great, 4
Stranger, 4
come, 4
NetflixFR, 4
So, 4
STRANGER, 4
THINGS, 4
EM, 4
YEEEESSSSS, 4
What, 4
thanks, 4
se, 4
ready, 4
saturou, 4
need, 4
oh, 4
time, 4
Prison, 4
yes, 4
No, 4
idea, 4
YES, 4
said, 4
THIS, 4
OF, 4
IN, 4
On, 4
make, 4
Bad, 4
BE, 4
going, 4
WILL, 4
T, 4
hope, 4
seasons, 4
there\u2019s, 4
FOR, 4
want, 4
barely, 4
lacasadepapel, 4
AND, 4
StrifeMagazine, 4
//t.co/lun8e8pLHH, 4
Gosto, 4
\nDark, 4
talking, 3
English, 3
Sense8, 3
blinders, 3
end, 3
Just, 3
spanish, 3
Tokyo, 3
needs, 3
first, 3
left, 3
pretty, 3
'La, 3
WESH, 3
Ca, 3
true, 3
returning, 3
Fuck, 3
Pardon, 3
shit, 3
Who, 3
dngerrous, 3
//t.co/F1W5sMKBlm, 3
three, 3
omg, 3
please, 3
Best, 3
Ok, 3
HEIN, 3
go, 3
L, 3
Le, 3
back, 3
making, 3
S3, 3
album, 3
announced, 3
THE, 3
afraid, 3
pape, 3
Can\u2019t, 3
way, 3
AlvaroMorte, 3
WAIT, 3
yet, 3
sure, 3
bee, 3
Ooo, 3
thank, 3
It\u2019s, 3
NA, 3
RN, 3
TV, 3
SHOW, 3
HAVE, 3
thrones, 3
God, 3
Things, 3
NEW, 3
And, 3
\ud83d\ude0d\ud83d\ude0d\ud83d\ude0d, 3
youtubers, 3
t\u2026, 3
Finished, 3
meaningless, 3
Two, 3
enough, 3
turn, 3
um, 3
YouTube, 3
morning, 3
berlin, 3
stranger, 3
House, 3
Breaking, 3
BEST, 3
y\u2019all, 3
THIRD, 3
im, 3
try, 3
'll, 3
NETFLIX, 3
via, 3
NetFlix, 3
interesseira, 3
next, 3
giunecologista, 3
//t.co/GBTkKujCQd, 3
JESUSSSSS, 3
ResenhaDosAlphas, 3
\u0645\u062d\u0633\u0646_\u0628\u0645\u0647\u0631\u062c\u0627\u0646_\u0627\u0644\u0633\u0627\u062d\u0644_\u0627\u0644\u0634\u0631\u0642\u064a, 3
TheRMFam, 2
cant, 2
listening, 2
\u201cBella, 2
ciao\u201d, 2
\nIts, 2
impossible, 2
hear, 2
imagining, 2
infron\u2026, 2
That, 2
10/10, 2
shows, 2
kidnapped, 2
\ud83e\udd37\ud83c\udffb\u200d\u2640\ufe0f, 2
us, 2
you\u2019re, 2
pour, 2
\u00ab\u00a0La, 2
Papel\u00a0\u00bb, 2
worth, 2
Chap_GG, 2
Narcos, 2
Peaky, 2
To, 2
away, 2
wasting, 2
y\u2026, 2
row, 2
guess, 2
pizzahag, 2
nice, 2
isn\u2019t, 2
movie, 2
finish, 2
tomorrow, 2
worried, 2
fee\u2026, 2
non-English, 2
weekend, 2
and\u2026, 2
language, 2
version, 2
\ud83d\udca5, 2
remake, 2
Really, 2
WHAT, 2
\n, 2
last, 2
lookingbast, 2
man, 2
wouhouuuuuuuuuu, 2
ON, 2
Srsly, 2
this\ud83d\ude2d\ud83d\ude2d, 2
OFFICIAL, 2
announce, 2
In, 2
place, 2
though, 2
\ud83d\ude0f, 2
Ct, 2
sur, 2
trop, 2
cool, 2
GOOOOOOOOOOOOOOOD, 2
News, 2
Day, 2
PUTAIN, 2
started, 2
absolutely, 2
WTF, 2
un, 2
prank, 2
r, 2
YOUPI, 2
Dinguerieeeeeeeee, 2
perfect, 2
They\u2019re, 2
World, 2
le, 2
Some, 2
serious, 2
fav, 2
character, 2
en, 2
\u2014, 2
\ud83d\ude32, 2
won\u2019t, 2
thing, 2
since, 2
SHIT, 2
bless, 2
b, 2
n, 2
Hein, 2
tho, 2
El, 2
jure, 2
wallah, 2
Me, 2
CA, 2
N'T, 2
lt, 2
MOTHERFUCKERS, 2
papel\n, 2
hands, 2
\u203c\ufe0f\ud83d\udcaf\ud83d\udcaf\ud83d\udcaf, 2
swear, 2
\ud83d\ude0a, 2
THEY, 2
PLEASE, 2
s3, 2
Morri, 2
PARDON, 2
\ud83d\ude2d\ud83d\ude2d\ud83d\ude2d\ud83d\ude2d, 2
WAY, 2
Please, 2
ended, 2
But, 2
dont, 2
even, 2
\ud83e\udd14, 2
majdfarhoudd, 2
seee, 2
youu, 2
game, 2
BY, 2
GON, 2
BACK, 2
happen, 2
Say, 2
3RD, 2
//t.co/U8xZCmHpJ, 2
LOURD, 2
W, 2
H, 2
convention, 2
fan, 2
meet, 2
Leiam, 2
essa, 2
thread, 2
Ohh, 2
\ud83d\ude2d\ud83d\ude2d, 2
the\u2026, 2
DAMN, 2
Reasons, 2
\ud83d\ude44, 2
E, 2
R, 2
O, 2
D, 2
better, 2
There\u2019s, 2
.., 2
dumb, 2
REAL, 2
police, 2
maydaymindy9, 2
forced, 2
vai, 2
com, 2
officially, 2
Posted, 2
Life, 2
Going, 2
house, 2
episodes, 2
Mlle_Ubuntu, 2
//t.co/qrIGnIT508, 2
Waiting, 2
da, 2
jaureguisrights, 2
Ghraaab, 2
//t.co/CNQCS86Tcf, 2
Here, 2
ohh, 2
literally, 2
Emabentaha8, 2
//t.co/MKIZHh43qf, 2
\ud83d\udc4f\ud83c\udffc\ud83e\udd19\ud83c\udffc, 2
saw, 2
xMancio_, 2
sOAZIZGOOD, 2
may, 2
'd, 2
ayarhael, 2
//t.co/3qDL9bVfH7, 2
tired, 2
3..without, 2
\nGame, 2
Haha, 2
friends, 2
As, 2
b\u2026, 2
see, 2
CaRoDlP11, 2
Ho, 2
//t.co/5t2qglx3AI, 2
brazilians, 2
stupid, 2
must, 2
Pact, 2
thisloveeisart, 2
//t.co/9XEhtXrV2H, 2
PART, 2
de\u00a0Papel\u2019, 2
More, 2
Professor, 2
watchable, 2
For, 2
lol, 2
tbh, 2
amazing, 2
bring, 2
bitch, 2
I\u2019ve, 2
LaCasaDePapelTV, 2
breaking, 2
This, 2
First, 2
J.Cole, 2
find, 2
Idk, 2
mood, 2
real, 2
los_07_, 2
office, 2
\u2714\ufe0f\nLa, 2
\u2714\ufe0f\nBreaking, 2
\u2714\ufe0f\nPrison, 2
\u2714\ufe0f\nNarcos, 2
\u2714\ufe0f\n\nI, 2
ustedes, 2
atm, 2
I\u2019M, 2
EXCITED, 2
TS_Earp, 2
//t.co/yoSCoedYJ3, 2
SCREAMING, 2
\u2026, 2
Rick, 2
GET, 2
TODAY, 2
GOOD, 2
DAY, 2
AHH, 2
YOU, 2
221Winstiel, 2
mean, 2
ends, 2
cliffhanger, 2
survi\u2026, 2
Same, 2
favorite, 2
story, 2
szpaula_, 2
//t.co/K6WQ5Thp7q, 2
THAT\u2019S, 2
DeKiBana, 2
OsmanEr49198365, 2
netflixturkiye, 2
top, 2
saraalkida, 2
Literal, 2
Ustedes, 2
Trailer, 2
//t.co/EJv6iMTtqD, 2
Wonka114, 1
talkin, 1
bout, 1
brilliantly, 1
written, 1
Spain..str\u2026, 1
WATCH, 1
RIGHT, 1
NOW, 1
DESERVES, 1
EVERYONES, 1
ATTENTION, 1
S02E05, 1
//t.co/DXl5NqpIu4, 1
//t.co/7H6lLPQp4, 1
Dragon, 1
ball, 1
//t.co/ua52JTY5j, 1
RUINMNDS, 1
dreamed, 1
haven\u2019t, 1
Papel\nHunger, 1
Games\nV, 1
Vendetta\nMad, 1
Max, 1
Furry, 1
Road\nThe, 1
Truman, 1
Show\n\nWe, 1
anti-government, 1
movies, 1
//t.co/1Bhb5wdiS, 1
TVTimeSupport, 1
issue, 1
resolved, 1
Actually, 1
source, 1
bug.\u2026, 1
//t.co/pG5pKgZdS, 1
Everyone\u2019s, 1
Been, 1
Heist\, 1
Yoh, 1
goes, 1
Black, 1
mirror, 1
OA, 1
Violet, 1
evergarden, 1
How, 1
murder, 1
rohailxo, 1
Heist\nOne, 1
\ud83d\ude23, 1
NEED, 1
NetflixUK, 1
you\u2019ve, 1
seen, 1
//t.co/ZgEDVxqruq, 1
wins, 1
binged\, 1
6th, 1
week, 1
\ud83d\ude33\n\nCan, 1
holds, 1
record, 1
htt\u2026, 1
would, 1
stopped, 1
sleeping, 1
las, 1
chicas, 1
cable, 1
s\u2026, 1
Hey, 1
could, 1
portray, 1
girl, 1
Wolf, 1
Among, 1
Us, 1
plan, 1
adaptat\u2026, 1
//t.co/ypTjXwoBw, 1
everyone, 1
//t.co/Mtjfow5Ct, 1
S02E06, 1
//t.co/217ijSW46q, 1
//t.co/sNmqk6cxC, 1
Okay, 1
assignment, 1
prepare, 1
presentation, 1
papel\u2026, 1
//t.co/0oYhag5DU2, 1
i\u2019ve, 1
i\u2019m, 1
upset, 1
heavily, 1
marketed, 1
//t.co/MT7pzwBVXy, 1
//t.co/SafLFjs92M, 1
//t.co/Dq6w7R7lQ, 1
chIucifer, 1
mutuals, 1
//t.co/2v5o0FtnWn, 1
Spain, 1
followed, 1
speaking, 1
TVBIZZ, 1
//t.co/aQvJo724OC, 1
Hello, 1
dearz, 1
heist/, 1
moved, 1
Singapore, 1
//t.co/nTP3tqU2Rs, 1
heist/la, 1
GOOOOO000D, 1
hi\n\nLa, 1
show\n\nu, 1
friendo\n\nbye, 1
decider, 1
Netflix\u2019s, 1
//t.co/T1egG0RjEI, 1
//t.co/tDtyjSs28o, 1
thing\nLa, 1
papel\nThe, 1
world, 1
//t.co/ni9OQiNXv, 1
also, 1
original\u2019s, 1
creator, 1
launching, 1
days, 1
rewatching, 1
rlly, 1
owns, 1
makes, 1
fall, 1
crime, 1
criminals, 1
//t.co/8EZbtbQ4B, 1
Jure, 1
//t.co/jjzjA05qG, 1
PARDOOOOOOON, 1
//t.co/BJXl2XGwC, 1
//t.co/XU7rVE1jD, 1
MahaBahjat, 1
\u00a1\u00a1Caboom, 1
//t.co/h5PtDN1qL, 1
HEEEEIN, 1
\ud83e\udd2f, 1
//t.co/YDJYmKDf3, 1
but_why.gif, 1
//t.co/JAY0NI0AR, 1
//t.co/83DMBhR4y, 1
Wait, 1
//t.co/h4f9TJAun, 1
//t.co/GFjt7Dpxm, 1
YEAHHHHHHHHHHHHHHHHH, 1
//t.co/WkCGcpoJI, 1
*not*, 1
//t.co/6NGeJSw3S, 1
//t.co/bYTkVGBwF, 1
//t.co/tGHCwl4q2, 1
expltdr, 1
aura, 1
1000292992, 1
ans, 1
//t.co/ipLhULXL0, 1
Alright, 1
//t.co/fRYDLOgZi, 1
\ud83d\udca5\ud83d\udca5\ud83d\udca5\ud83d\udca5\nGod, 1
save, 1
\u2763\ufe0f\u2763\ufe0f\u2763\ufe0f\ud83d\udd25\ud83d\udca5\n, 1
IsabelleSpanu, 1
Melolimparfaite, 1
LaCasadePapel, 1
//t.co/a0EQmwmV3, 1
Started, 1
night, 1
HOOKED, 1
//t.co/jiifsTr9W, 1
DONT, 1
//t.co/Eda9Xce51, 1
//t.co/ROry61s2O, 1
Ow, 1
//t.co/nTglLRILa, 1
//t.co/gDH9qpiUU, 1
pitain, 1
//t.co/DBZDTciRs, 1
tears, 1
eyes, 1
//t.co/KsnQg3yw1, 1
BORDEL, 1
//t.co/waHXR4VTe, 1
//t.co/PdpEIq3fbD, 1
AlexieBreton, 1
//t.co/gDH9qpiUU4, 1
//t.co/JOPF5sfPU, 1
//t.co/Ru8N6A7m4, 1
Sorpresa, 1
motherfucka, 1
//t.co/ZSxOfWBEc, 1
bruuuuuuuuuuuuh, 1
//t.co/IdsLoOhjJ, 1
\n\ud83d\udc83\ud83d\udc83\ud83d\udc83\ud83d\udc83\ud83d\udc83\nThank, 1
//t.co/whL3tNANF, 1
LIFE, 1
F*CKING, 1
SAVED, 1
//t.co/61JORSEwY, 1
//t.co/S5ioyyY5Y, 1
renew, 1
3ashalh, 1
//t.co/S5ioyyY5Y3, 1
//t.co/pbalTv7Uu, 1
//t.co/3TYyxVfHg, 1
Omfg, 1
\ud83d\ude31\ud83d\ude31\ud83d\ude31\ud83d\ude31\ud83d\ude31\ud83d\ude31\ud83d\ude2d\ud83d\ude2d\ud83d\ude2d\ud83d\ude2d, 1
//t.co/8Ka6Vgnag, 1
YEEAAAAAAAAAAH, 1
//t.co/L1ykQLiBF, 1
//t.co/OjLmefcxx, 1
//t.co/F1W5sMKBl, 1
Non-Spanish, 1
\u270c\ud83c\udffc, 1
\n\nProfessor-\, 1
//t.co/2od2grGc6n, 1
//t.co/0tfBKSI5b, 1
Cringe, 1
//t.co/SggRRGxxO, 1
//t.co/YqrwTeKOj, 1
deserve, 1
//t.co/iKAl0J1m5, 1
//t.co/TMkdsA3u6, 1
//t.co/AjYwPIiZU, 1
Chelou, 1
sans, 1
//t.co/5OcJeIW2f, 1
Nooooon, 1
\ud83d\ude0d\ud83d\ude0d, 1
//t.co/RnBC0Wxzs, 1
//t.co/gBggUFSfy, 1
GODDDD, 1
//t.co/COvUG0WZu, 1
YESSSSSSSSSSSSS, 1
//t.co/qHB76V1iQ, 1
js\u2019sks\u2019s\u2764\ufe0f\u2764\ufe0f\u2764\ufe0f\u2764\ufe0f\u2764\ufe0f\u2764\ufe0f, 1
//t.co/9PdemSYUi, 1
Whataaaaafuckkkk, 1
//t.co/LzRPN1j0x, 1
YEEEEES, 1
\u2764\ufe0f\u2764\ufe0f\u2764\ufe0f, 1
//t.co/E8eikq2VO, 1
//t.co/ljuQx7ytU, 1
0XYD_0NLINE, 1
//t.co/YqrwTeKOjq, 1
BDGCineSeries, 1
//t.co/GFjt7DpxmE, 1
//t.co/R6j2WPg0U, 1
bitches, 1
CAN\u2019T, 1
BREATHE, 1
//t.co/I0EbRogkQ, 1
Yark, 1
du, 1
papel\ud83d\ude29\ud83d\ude29\ud83d\ude29\ud83d\ude29\ud83d\ude29\ud83d\ude29\ud83d\ude29\ud83d\ude29\ud83d\ude29, 1
pile, 1
homework, 1
//t.co/OS4CzETUo, 1
Alsayegh23, 1
louuuuuuuuuuuuurd, 1
//t.co/MhYjAGYRz, 1
yesterday, 1
giving, 1
they\u2019re, 1
job, 1
//t.co/Q0vGmKRA9, 1
saison, 1
\ud83d\udc4c\ud83c\udffd\ud83d\udc4c\ud83c\udffd, 1
//t.co/MNMV2Vh6S, 1
OMGGGGG\ud83d\ude2d\ud83d\ude2d, 1
yass, 1
//t.co/YsMffLXgI, 1
\ud83d\ude2d, 1
//t.co/O7o2IG7cD, 1
Cst, 1
//t.co/TZekZRdJV, 1
cancel, 1
//t.co/K0sKMB0nz, 1
OMMGMGGGGGGGGGGGGGGGGGGGGGGGGG, 1
//t.co/qrymb8KXy, 1
Skorsese, 1
Longing2Belong, 1
updated, 1
//t.co/2z3zOj5lc, 1
//t.co/J7PUPlOKo, 1
Hoooo, 1
une, 1
partie, 1
yeeeeah, 1
//t.co/ZBmUAGa2W, 1
YEAH, 1
//t.co/6nqS9y0jX, 1
idolscabello, 1
dark, 1
merecia, 1
//t.co/3Sl0k90xgo, 1
//t.co/ilpmCEbJ2, 1
jurez, 1
//t.co/BC6fzkqWn, 1
LaCasa2Papel, 1
Absolument, 1
0, 1
rapport, 1
//t.co/gjE7hHyYR3, 1
happening, 1
boys, 1
\ud83d\ude0d\n\n, 1
//t.co/Vp7t8Sp4e, 1
tokyoooooo, 1
//t.co/fy4V25CNr, 1
//t.co/MrODOqLmB, 1
Bring, 1
canceled, 1
//t.co/iY3QU9OVn, 1
ily, 1
ily\ud83d\udc95, 1
//t.co/ktZ4HieMU, 1
Made, 1
//t.co/v0HUshGlR, 1
\ud83d\ude0d\ud83d\ude48\ud83c\udf89\ud83c\udf89\ud83c\udf89\ud83c\udf89\ud83c\udf89, 1
//t.co/marB0bxPR, 1
WORST, 1
IDEA, 1
EVER, 1
//t.co/tIv9ZO5Tu, 1
//t.co/DZr6FFgCV, 1
YEES, 1
\ud83c\udf89\ud83c\udf89, 1
//t.co/sC6Ekh3TX, 1
THANX, 1
//t.co/sSjNOym07, 1
Mais, 1
wesh, 1
//t.co/pPnQ5oq1E, 1
Robbiegol, 1
SAMEEEEE, 1
//t.co/fkV9osCuF5, 1
show\u2019s, 1
ending, 1
risk, 1
r\u2026, 1
//t.co/kc6qpkShin, 1
Ari, 1
trailer, 1
Jurassic, 1
Papel..It, 1
\ud83d\ude4c, 1
toda, 1
//t.co/T2yxKYYRX, 1
yall, 1
aka, 1
ligjdjdjdj, 1
Inutile, 1
//t.co/tFblqY60J, 1
//t.co/sG6Rri8ll, 1
forcing, 1
//t.co/LmeP2566i, 1
sign, 1
FUCK, 1
//t.co/7BoEpRBgj, 1
boh, 1
//t.co/2COPAVcI4, 1
a1amn, 1
taking, 1
papel\u2019, 1
\ud83d\ude02\ud83d\ude02\ud83e\udd26\ud83c\udffe\u200d\u2642\ufe0f, 1
//t.co/TPJtxeB9ac, 1
tokio, 1
nairobi, 1
//t.co/JlfssSd549, 1
gbgdjjh, 1
//t.co/LjQUL1iFK, 1
//t.co/5WDLAxVfm, 1
Whaaaaaaat, 1
//t.co/9VKbnuW7H, 1
//t.co/jgh1rLoBo, 1
managed, 1
escape, 1
p\u2026, 1
//t.co/L6WEJT0Y6L, 1
The100, 1
Everything, 1
\ud83d\udd25\ud83d\ude0d, 1
//t.co/0BfPMLx9q, 1
//t.co/5n2Ovy91G, 1
bb, 1
//t.co/LJ5INxPX1, 1
mmary__carry, 1
//t.co/fsN5toMxz, 1
Break, 1
tapas, 1
//t.co/g3wM0lLev, 1
merd, 1
//t.co/ccFRfWMFs, 1
Mmm, 1
//t.co/gMqSHQdoN, 1
There, 1
BERLIN\ud83d\udc94, 1
//t.co/euw58T0rA, 1
Madimx, 1
//t.co/2WElwcfQA, 1
\ud83d\ude06, 1
//t.co/OyKej5NMp, 1
//t.co/WHG49DFnN, 1
\ud83c\udf89\ud83c\udf89\ud83c\udf89\u2764\ufe0f\u2764\ufe0f\u2764\ufe0f, 1
//t.co/ZflH6ibrN, 1
wohoo, 1
//t.co/ALuLWMMtT, 1
amelinemckkk, 1
Antoinetllk, 1
officiel, 1
//t.co/od00jcBdf, 1
OLEEEY, 1
BE\ud83d\udc83\ud83c\udffb\u2764\ufe0f\ud83d\udc83\ud83c\udffb\u2764\ufe0f, 1
//t.co/aA9Bi8997, 1
Reaallyyyyy, 1
//t.co/Rv69sYQnW, 1
//t.co/p6gVfaeZg, 1
Jah, 1
//t.co/KzBjgrtvr, 1
v, 1
//t.co/JtPmuCeTk, 1
WHAAAAAT, 1
//t.co/zWnHo6Lqd, 1
//t.co/YASVBEj5F, 1
WIG, 1
FLEW, 1
SPAIN, 1
//t.co/kMEVN5e7j, 1
Thank, 1
//t.co/KR9Bnkb6B, 1
//t.co/WsCDXUw3a, 1
//t.co/P25ChCx7N, 1
litteraly, 1
fave, 1
\ud83d\ude0d\ud83d\ude0d\ud83d\ude0d\ud83d\ude0d\ud83d\ude0d\ud83c\uddea\ud83c\uddf8, 1
Juliett51649134, 1
//t.co/fZhZl3bkL, 1
.\ud83d\ude44, 1
//t.co/Y4AI5FxF0, 1
//t.co/RXURQpSx2, 1
Cool, 1
//t.co/BKKNr0JOz, 1
WE, 1
LIVE, 1
SISTERS, 1
Yeaaahhh, 1
profesor, 1
revient, 1
\ud83d\udc4c\ud83c\udffe, 1
//t.co/LIcZN38pI, 1
//t.co/hxEmIsOj5, 1
tonight, 1
i\u2019ll, 1
celebrate, 1
\ud83d\ude0d\ud83e\udd42Here, 1
Italy, 1
tea\u2026, 1
//t.co/ooyKJPS5t, 1
//t.co/E0AZoP1XD, 1
Whaaaaaat, 1
dnsdrs, 1
rittermo, 1
//t.co/I3vxntPzd, 1
//t.co/3BXgbqwxW, 1
//t.co/Kynqjv1wR, 1
ruined, 1
//t.co/YQtQt9mM5, 1
CalebOseko, 1
//t.co/K\u2026, 1
Turks, 1
Ommmmggggg, 1
immm, 1
sooo, 1
happpyyyyyyyy\ud83d\ude2d\ud83d\ude2d\ud83d\ude2d\ud83d\ude2d\ud83d\ude2d\ud83d\ude2d\ud83d\udc9b\ud83d\udc9b\ud83d\udc9b\ud83d\udc9b\ud83d\udc9b, 1
//t.co/IOAqSnhoy, 1
SHOT, 1
AT, 1
LEAST, 1
WEEK, 1
AGO, 1
Y\u2019ALL, 1
BC, 1
SAW, 1
VIDEOS, 1
THEM, 1
THESE, 1
COSTUMES, 1
//t.co/PVujrclSE, 1
Ov, 1
//t.co/WEfd7ISQD, 1
*NO, 1
NOOOOOOOOOO*, 1
//t.co/lWeUwhKhy, 1
robbery, 1
parrillashope, 1
ok, 1
biggest, 1
means, 1
look, 1
aa\u2026, 1
//t.co/EUrtTrtly, 1
mlss_smn, 1
//t.co/ROry61s2Os, 1
Orange, 1
black, 1
svp, 1
//t.co/JDjsFgGGY, 1
//t.co/mPJOmq600n, 1
Hardcore, 1
//t.co/vxJXLl3w5, 1
thoo, 1
\ud83d\ude11, 1
//t.co/qI70aDYFt, 1
//t.co/ZXPlYgvKE, 1
//t.co/wgaXS3Nx5, 1
WeirdDylanC, 1
//t.co/TMkdsA3u6C, 1
Oleeeyyy, 1
\ud83d\udcb0, 1
//t.co/gQ0wX0PZe, 1
Ridicule, 1
//t.co/F9JZ5wh1x, 1
//t.co/VgF3NRNo9, 1
//t.co/0TONg8Syn, 1
Greatest, 1
far, 1
//t.co/VQD500vJY, 1
HOOOOO, 1
YEEESS, 1
//t.co/yus8TEDvc, 1
GENREEEEEE, 1
//t.co/IPcLqDNXX, 1
//t.co/zlf3JV6Fb, 1
trying, 1
grab, 1
Completely, 1
unnecessary, 1
//t.co/xEAh2tgYB, 1
leave, 1
//t.co/05cX3nUZC, 1
block, 1
Gaiden, 1
ou, 1
Shippuden, 1
//t.co/fO1yLP8uSO, 1
//t.co/NzR2CUbW2, 1
OHMYGODDDD, 1
//t.co/fHvcga1cB, 1
_stylesftdallas, 1
//t.co/0TONg8SynM, 1
dat, 1
sense, 1
//t.co/2UDBnb2IV, 1
//t.co/CUAfxNGHB, 1
ArmanMenna, 1
//t.co/CUAfxNGHBR, 1
Behind, 1
Scenes, 1
Funniest, 1
Moments, 1
Funny, 1
Vids, 1
//t.co/JAADpr6Tu2, 1
//t.co/hMpMczKLU, 1
Check, 1
\u201dLa, 1
quiz\u201d, 1
created, 1
free, 1
builder, 1
quickappninja, 1
//t.co/uY1wusjxrc, 1
JUST, 1
SCREAMED, 1
POOL, 1
WAN, 1
CRY, 1
\ud83d\ude4c\ud83c\udffc\ud83d\ude4c\ud83c\udffc\ud83d\ude4c\ud83c\udffc\ud83d\ude29\ud83d\ude29\ud83d\ude29\ud83d\ude4c\ud83c\udffc, 1
Hiperventilando, 1
//t.co/jo3Namk90, 1
Amaziiiiiiiiiing, 1
\ud83d\udc68\ud83c\udffb\u200d\ud83c\udfeb\ud83d\udc4d\ud83c\udffc, 1
//t.co/OnKktanQO, 1
oui, 1
\ud83d\ude2d\ud83d\ude0d\ud83d\ude2d\ud83d\ude0d\ud83d\ude2d\ud83d\ude0d\ud83d\ude2d, 1
//t.co/wpv352Ezh, 1
//t.co/phhmqvyk2, 1
//t.co/ZbHZF2u43, 1
ben, 1
Yeahhh, 1
//t.co/0A0HovIZ3, 1
Whaaaaaaaat, 1
//t.co/ACWM8mRZz, 1
PrisonBreak, 1
//t.co/EEIWtMw2h, 1
WutFace, 1
//t.co/WmvSnnPOL, 1
Amemmmmm, 1
//t.co/hCqmYONR3, 1
Louuuuuuuuuurdddddd, 1
//t.co/CwQY78oUE, 1
Yeaaah, 1
//t.co/YuBUroytM, 1
S\u00ed\u00ed\u00ed\u00ed, 1
SOOOOOOOO, 1
ITS, 1
\ud83d\ude0d\ud83d\ude0d\ud83d\ude0d\ud83d\ude03\ud83d\ude03\ud83d\ude03\ud83d\ude03\u2764\ufe0f\u2026, 1
//t.co/bekMAOar6, 1
Ne, 1
//t.co/gVCnBaSOH, 1
MuiiizSaeed, 1
Its, 1
second, 1
whats, 1
//t.co/TO6uwLU6Qf, 1
Oooo, 1
king, 1
//t.co/guKdPtnFA, 1
whaaaaaaat, 1
\ud83d\ude1b\ud83d\ude0d, 1
//t.co/kAjNWUVRY, 1
lets, 1
gooo, 1
//t.co/1jCK22cFI, 1
Oleeeeeyy, 1
//t.co/RvgnFeICi, 1
YEASS, 1
//t.co/e64Wpve9J, 1
//t.co/WjGzgEEQ2, 1
//t.co/GmqeW3M10, 1
yeeeeeeees, 1
\ud83c\udf89\ud83c\udf89\ud83c\udf89\ud83d\udc4a\ud83c\udffb\ud83d\udc4a\ud83c\udffb\ud83d\udc4a\ud83c\udffb, 1
//t.co/IC6mAWe8QY, 1
lourd, 1
YAAAASS, 1
//t.co/4m99slBKJ, 1
yeeeeees, 1
\ud83c\udf89\ud83c\udf89\ud83c\udf89\ud83c\udf89\ud83c\udf89\ud83d\udc4a\ud83c\udffb\ud83d\udc4a\ud83c\udffb\ud83d\udc4a\ud83c\udffb, 1
//t.co/iPR5wXWTD, 1
//t.co/L5mTCZqJh, 1
//t.co/WPgx26sam, 1
idk, 1
sad, 1
lmao, 1
Yeaahhh, 1
\ud83d\udc4a\ud83d\udc4a\ud83e\udd17, 1
//t.co/BgGOxuS39, 1
mercenaria, 1
d++++, 1
//t.co/3SKFVOFxB, 1
suffit, 1
//t.co/F1zThEQiu, 1
Yupiiiii, 1
//t.co/Sbm0eFduq, 1
heart, 1
races, 1
s2, 1
Gaaaaah, 1
soooo, 1
stress, 1
\ud83c\udf7f\ud83d\udcfa, 1
Party, 1
//t.co/bu9wGczSM, 1
yeahhhhh, 1
//t.co/4H6xHkxkz, 1
karma_wait4it, 1
//t.co/3BXgbqwxW9, 1
\u2764\ufe0f\ud83d\ude0d, 1
midnightIoueh, 1
//t.co/5WDLAxVfmt, 1
Allaahh, 1
\ud83c\udf89, 1
//t.co/Qj3Wzluik, 1
genial, 1
//t.co/4EOA4aR73, 1
fric, 1
//t.co/9gsnvGuof, 1
//t.co/cxMGvR4Xt, 1
rana_youssef53, 1
\ud83d\udc83\ud83c\udffd\ud83d\udc83\ud83c\udffd, 1
//t.co/fcfC70P1N, 1
Ayyyyyy, 1
//t.co/0luArTB7V, 1
AH, 1
SOCORRO, 1
SISISKZKSMMS, 1
//t.co/D9buKIiQI, 1
WereWolfCon, 1
Wena, 1
ctmmmmm, 1
//t.co/xeNpI24ol, 1
KLZ_Events, 1
KLZ_FanMeets, 1
//t.co/5zRTAY97u, 1
Jokee, 1
//t.co/zw2XppnlI, 1
//t.co/wrxMNhm7i, 1
littl\u2026, 1
//t.co/NdTWyKPhO, 1
yeaaaah, 1
//t.co/NJIkncYhE, 1
LEEEET\u2019SSSS, 1
GOOOOO, 1
//t.co/A2D2wlU6c, 1
//t.co/xVhS2LPf0, 1
tasyasgirl, 1
//t.co/QNoACTjHc, 1
Indeed, 1
//t.co/oVz1a2ARv, 1
Yesss, 1
babyyyy, 1
//t.co/nis89dlbw, 1
Not, 1
//t.co/bGAFfQH3u, 1
//t.co/LSd5nSiVB, 1
Stop, 1
//t.co/c6QEFkyqS, 1
//t.co/Kqyzawx8Y, 1
Vikings, 1
Siindy78S, 1
//t.co/kUSmdiMjT, 1
JV, 1
PLEURER, 1
//t.co/mQoOyUCIz, 1
potateurhead, 1
curious, 1
hero, 1
guns, 1
sex, 1
yeassssss, 1
//t.co/fuGcdDaSN, 1
*smiling, 1
too*, 1
//t.co/3MuMqVE5q, 1
yeeehuuuu\ud83d\udda4\ud83d\udda4\ud83d\udc4a, 1
//t.co/94XLF2aHR, 1
\ud83d\ude4f, 1
//t.co/uHuFeuAya, 1
yesssss\ud83d\ude3b, 1
//t.co/jfS6hL49x, 1
prissguerrero1, 1
//t.co/5zRTAY97uQ, 1
suddenly, 1
meaning, 1
//t.co/iFWg7YH3T, 1
Uhhh, 1
//t.co/IyczTFVOC, 1
V, 1
//t.co/wr2R7Or6W, 1
bblxrd, 1
TEARS, 1
ALLAHIM, 1
\ud83d\ude0d\ud83d\ude0d\ud83d\ude0d\ud83d\ude0d\ud83d\ude0d\ud83d\ude0d, 1
//t.co/3FxBOnmxQ, 1
fuk, 1
//t.co/pQ0p8hYCH, 1
dying, 1
\ud83d\udc4c\ud83c\udffc\ud83d\udd25\ud83d\ude0d\u2764\ufe0f\ud83d\ude31, 1
ici_amir, 1
//t.co/nRinFReFv, 1
mais, 1
deserves, 1
//t.co/3xjNVkAKK, 1
worst, 1
pairings, 1
CAsa, 1
dE, 1
COMING, 1
WITH, 1
Can, 1
yOU, 1
HEAR, 1
ME, 1
SCREAMINGG, 1
probs, 1
bc, 1
ain\u2019t, 1
i\u2026, 1
//t.co/NdUBQxs6e, 1
per\u2026, 1
//t.co/JbOZ7eUWWc, 1
Yessssssssssssssss, 1
//t.co/p6frbWNbi, 1
Cant, 1
\u2764, 1
//t.co/mmxFpKyhM, 1
ver, 1
//t.co/uVf6RPSvb, 1
Stupid, 1
//t.co/F8RFgRfL5, 1
\nplease, 1
don\u2019tttt\ud83e\udd26\ud83c\udffd\u200d\u2640\ufe0f\ud83e\udd26\ud83c\udffd\u200d\u2640\ufe0f\ud83e\udd26\ud83c\udffd\u200d\u2640\ufe0f\ud83d\ude29, 1
//t.co/oseaRP1Kv, 1
Sir, 1
nut, 1
//t.co/0IWwzykQe, 1
4, 1
brazilian, 1
tried, 1
film, 1
video, 1
reenacting, 1
station, 1
//t.co/OCcLCBJyd, 1
Obviously, 1
mess, 1
mini, 1
NO\u2026, 1
//t.co/g12AqQW4m, 1
Official, 1
synopsis, 1
\u201cAfter, 1
global, 1
success, 1
parts, 1
sensation, 1
JUREEEE, 1
//t.co/bTOYNtDj0, 1
kilit, 1
elifdiyebiriyim, 1
//t.co/DuHMO2QtD, 1
SShahin8, 1
//t.co/NzR2CUbW2z, 1
Get, 1
ready\ud83d\ude4a\u2665\ufe0f, 1
//t.co/d3u9ifEkr, 1
//t.co/2hFFOKyf4, 1
Yall, 1
century, 1
//t.co/0mCLmqRQQ, 1
veut, 1
One, 1
Piece, 1
//t.co/tkLNgW3vk, 1
\ud83e\udd23, 1
//t.co/nlm47hJGx, 1
tstguillaume, 1
booooomb, 1
//t.co/68hlxT6AlM, 1
superb, 1
\nOne, 1
Tim, 1
nahjah_, 1
//t.co/WPgx26samW, 1
PRAYERS, 1
BEEN, 1
ANSWERED, 1
hakimikhai, 1
papel\u00a0, 1
intense, 1
clever, 1
Brilliant, 1
\ud83d\udc4f\ud83c\udffb\ud83d\udc4f\ud83c\udffb\ud83d\udc4f\ud83c\udffb, 1
You, 1
\ud83d\ude2d\u2764\ufe0f\u2764\ufe0f\u2764\ufe0f\u2764\ufe0f\u2764\ufe0f\u2764\ufe0f\u2764\ufe0f, 1
.Now, 1
Youhouuuuuuuuu, 1
//t.co/6ZJcNYSeH, 1
Hobaa, 1
//t.co/H9D1pPHTx, 1
AnjaWintour, 1
tashmontlake, 1
TalyaGoldberg, 1
At, 1
point, 1
Console, 1
self, 1
with\u2026, 1
//t.co/XOux9kB9V, 1
YEAHHHH, 1
//t.co/Fp7MJhcFO, 1
QSUE, 1
//t.co/SF1i6HVBq, 1
//t.co/UuykVsmju, 1
//t.co/Lq4BoG3dr, 1
Real, 1
//t.co/d5vgXEuyy, 1
//t.co/3qDL9bVfH, 1
ta, 1
//t.co/xmqOZ7jt3, 1
ter, 1
Parte, 1
3\, 1
\nDisappointed, 1
surprised, 1
YouTubers, 1
//t.co/KhM9IXFeO, 1
yeaaa\ud83d\udc83\ud83d\udc83\ud83d\udc83\ud83c\udf89\ud83c\udf89, 1
//t.co/oAVBSTesA, 1
FAKE, 1
//t.co/sSFGOgrrF, 1
Guess, 1
it\ud83d\ude0f\ud83d\ude09, 1
//t.co/F0yCW8Llu, 1
//t.co/CNQCS86Tc, 1
happened, 1
Ariadna, 1
Yeaaaaah, 1
//t.co/RVP2qQeis, 1
wowow, 1
sTAN, 1
fabiq12, 1
//t.co/smxDRYIzo2, 1
coconubo, 1
//t.co/3AMINqCCeF, 1
GENTE, 1
UUUKEEEEEEE, 1
//t.co/65AGKOhnF, 1
IamXecho, 1
EY, 1
I\u2018M, 1
READY, 1
weshhh, 1
//t.co/44EQrqf6s, 1
OK, 1
WOW, 1
//t.co/cdM7JyWMK, 1
//t.co/5m9J05Dtca, 1
Myyyy, 1
goooodd, 1
//t.co/xFJ5ynpLD, 1
80km/, 1
fato\nEu, 1
preferia, 1
q, 1
fosse, 1
//t.co/KMY4l4ZP5, 1
Gostei, 1
v\u00eddeo, 1
//t.co/eeNxhKQBGn, 1
Alok, 1
Jetlag, 1
Music, 1
HOT-Q, 1
WADD, 1
Remix, 1
localize, 1
paper, 1
letdown, 1
anyways, 1
a\u2026, 1
//t.co/NqLvIF0Krt, 1
OBSESSED, 1
cuz, 1
Uh, 1
//t.co/W1HLY0LSS, 1
failure, 1
//t.co/XTu8Y9WLd, 1
screw, 1
\u2764\u2764, 1
//t.co/5X5854cbH, 1
fico, 1
besta, 1
burrice, 1
fuder, 1
//t.co/6erucOcca, 1
Excepto, 1
GOT, 1
//t.co/aZfqJV9vy, 1
//t.co/2ZoD4c5erV, 1
//t.co/2yIaJcC9K, 1
LETS, 1
GO, 1
//t.co/dH0kPAhxp, 1
PURESK1N, 1
dammit, 1
s***, 1
//t.co/S9FVzlcAU, 1
say, 1
Yehuuuuu\ud83d\udc83\ud83c\udffb\ud83d\udc83\ud83c\udffb\ud83d\udc83\ud83c\udffb, 1
//t.co/EdRRKBh46, 1
Hell, 1
yeahhhh, 1
//t.co/2UCMZbiK7, 1
INUTILE, 1
//t.co/vpvWsZZUV, 1
always, 1
//t.co/GSYn9ZAqa, 1
gave, 1
GOO, 1
Genial, 1
//t.co/EZNgxMoZz, 1
Holley, 1
//t.co/BiNsYz7Xg, 1
20, 1
TSHIRT\n\u200bSALE, 1
OFF, 1
DISCOUNT, 1
SPECIAL, 1
CUSTOMERS.\n\u200b\u27a1, 1
Order, 1
//t.co/QCszPgUQPh\u2026, 1
//t.co/2D39lUISE, 1
//t.co/yZvGu85j0, 1
beee, 1
//t.co/cYqJq2U82, 1
//t.co/GU6663Nog, 1
They, 1
//t.co/gZMU5cCZN, 1
'S, 1
case, 1
missed, 1
ht3ml, 1
mn, 1
papel\ud83e\udd37\u200d\u2642\ufe0f, 1
prof\ud83d\udd25, 1
//t.co/2wGHGaEOk, 1
Boa, 1
//t.co/kkn89tVWkD, 1
Siiiiiiiiiii, 1
//t.co/1pHtLiMVZ, 1
\ud83d\ude2d\ud83d\ude2d\ud83d\udc99\ud83d\udc99\ud83d\udc99, 1
//t.co/beXM4YUSM, 1
//t.co/LEIaDdPTS, 1
//t.co/A96YDoJMA, 1
Gracias, 1
por, 1
existir, 1
netflix\ud83d\ude0d, 1
//t.co/epIcgwqHD, 1
UrsulaCFrance, 1
//t.co/LEIaDdPTSJ, 1
Ol\u00e9eeeee, 1
2k19, 1
\ud83d\udc4c\ud83d\ude00, 1
//t.co/HGpNXuYODR, 1
BERL\u0130N, 1
PARTY, 1
//t.co/PwRnnvXnU, 1
tv, 1
\ud83d\udc49https, 1
//t.co/TUg2kYOdJA, 1
3/Season, 1
\u25ba\u25ba\u2026, 1
//t.co/pD5YIGhXs, 1
sorry, 1
guys, 1
//t.co/ktvmYJolN, 1
Source, 1
//t.co/ohZ1GMy8F, 1
MAIS, 1
COMMENT, 1
//t.co/EHUtjC0ii, 1
Yeahhhhh, 1
//t.co/M8ZGtgucf, 1
//t.co/4eEdTMuMq, 1
\ud83d\ude02\u2665EL, 1
Disney, 1
Channel, 1
//t.co/FF9NyAz6u, 1
Big, 1
Little, 1
Lies, 1
PorQue, 1
CasaDelPapel, 1
\ud83d\ude37, 1
//t.co/YpmIjMhBL, 1
HoussamJokerB, 1
walk, 1
talk, 1
//t.co/LldKQVPB7, 1
firas26zarzis, 1
//t.co/DZr6FFgCVd, 1
Kokohourani, 1
\u2665\ufe0f\u2665\ufe0f\u2665\ufe0f\u2665\ufe0f\u2665\ufe0f\u2665\ufe0f\u2665\ufe0f, 1
//t.co/m60MyRkLk, 1
throne, 1
S7\nLa, 1
\nStranger, 1
\n\ud83d\ude0d\ud83d\udd25\ud83d\udd25\ud83d\udd25\ud83d\udd25, 1
//t.co/0Cz7KYwT6, 1
Puts, 1
//t.co/chKKvoxMH, 1
let, 1
I'ma, 1
LucianoAcosta45, 1
Comorl, 1
//t.co/uDh9DV3EY, 1
Yuppi, 1
\\o/, 1
//t.co/fDO85Vf1x, 1
safe, 1
//t.co/cmSp4I8VaG, 1
//t.co/lOn4Mg6Qx, 1
Done, 1
Heist/La, 1
Netflix\n\n10/10, 1
//t.co/J6OyVVIkh, 1
Yeahh, 1
//t.co/rLBY41ujD, 1
//t.co/mE6rwGDNl, 1
recommending, 1
waiting, 1
Terrace, 1
Opening, 1
Doo\u2026, 1
//t.co/BPdm2RXaY, 1
AggerMcSwagger, 1
wat, 1
perfect\u2026, 1
leandro_bagur, 1
\u2705\nLa, 1
\u2705\nThe, 1
sinner, 1
\u2705\nStranger, 1
\u2705\nDark, 1
\u2705\nGame, 1
\u2705\nMerli, 1
\u2705\nEl, 1
marginal, 1
\u2705\nPrison, 1
AHHHH, 1
MORRIDA, 1
//t.co/X02J5S0w9, 1
wow, 1
LaCasaDePapel\u00a0, 1
//t.co/tYqkvISKR, 1
SEOReport, 1
Audit, 1
backlink\nDo, 1
website, 1
page, 1
\nSo, 1
SEO, 1
visit, 1
m\u2026, 1
//t.co/tGj4rfsba, 1
//t.co/VOlUtPajQ, 1
FINALLY, 1
//t.co/KTsNUxYIj, 1
Duuuuuuude\n, 1
taffy_, 1
//t.co/IG7welbDh, 1
//t.co/htFzUmDGIL, 1
1ucabsc, 1
//t.co/XiPcsTve7F, 1
EVERRR, 1
//t.co/qa9tvMyNh, 1
//t.co/ONiUneMBY, 1
Ahre, 1
x2, 1
//t.co/6pxIhfOYK, 1
earv_george, 1
Sleeping, 1
\u2013, 1
//t.co/wKHZxc470q, 1
//t.co/evvOsha1U, 1
//t.co/9XEhtXrV2, 1
Excited, 1
finally, 1
dive, 1
//t.co/iMMltXXkF, 1
\u2013\u00a0MovieMagic, 1
//t.co/EkCw1PoRMc, 1
//t.co/lx6nEjWbDY, 1
//t.co/ijQnV140t, 1
//t.co/T9NsxVikJy, 1
//t.co/v12HUKFfW, 1
//t.co/8nKkjXqndX, 1
//t.co/p9aiEnTuHQ, 1
//t.co/rhCLeiaum, 1
//t.co/fy6Yhr0hYy, 1
//t.co/6aRrjnA5u, 1
//t.co/6shYUFqmu7, 1
//t.co/1vz3NGf8E, 1
urfavtvshow, 1
\nLike, 1
End, 1
F***ing, 1
//t.co/ehkqcBsWdY, 1
SM, 1
MADRID\u2026, 1
//t.co/FeKY5Iyt6j, 1
Ah, 1
esses, 1
youTubers.., 1
//t.co/ekoj913ns, 1
THERE\u2019S, 1
GOING, 1
SKDJAKKSJSJAKS, 1
\u2764\ufe0f, 1
//t.co/MXYNEMg4k, 1
//t.co/Q3X6w3WbF, 1
Gabinavarrete, 1
Papel\nStranger, 1
Things\n13, 1
Why\nEtc, 1
Ya, 1
albyy, 1
\u2764\ufe0f\u2764\ufe0f\u2764\ufe0f\u2764\ufe0f, 1
//t.co/gLcIxIAqq, 1
//t.co/fcOD54YZmi, 1
//t.co/aDNa0LUgCd, 1
wouldn\u2019t, 1
\ud83d\udd25, 1
//t.co/m2fq6O9I2, 1
//t.co/azRye0sO2Y, 1
Limites, 1
//t.co/AXq7qahNZ, 1
Yeahhhhhh, 1
//t.co/gcCSWNgTo, 1
BABY, 1
//t.co/N0XFCTasG, 1
Astresmedia, 1
Reach, 1
//t.co/rvbHFPIAqe, 1
//t.co/FV8v89Hb1, 1
//t.co/0C3Vx6Vdkv, 1
trending, 1
85188, 1
tweets, 1
trends, 1
//t.co/1z2nx2qb8e, 1
trndnl, 1
brazil, 1
devastated, 1
//t.co/UnizIXj0b, 1
session, 1
hahah, 1
faster, 1
Imagine, 1
useless, 1
Very, 1
two, 1
Go, 1
Bella, 1
c\u2026, 1
//t.co/xEo3cMl2p, 1
Nicolas_Paez_, 1
Point, 1
finale, 1
//t.co/aNztUzDAyE, 1
Someone, 1
brasileiros, 1
//t.co/MIbgINysk, 1
\u201cI, 1
season.\u201d, 1
\ud83c\udfadBest, 1
wake, 1
uppp, 1
//t.co/fN44WmLa4, 1
3\ncan\u2019t, 1
alpnavruz, 1
\nGood, 1
\ud83d\ude0d\ud83d\ude0d\ud83d\ude0e, 1
coming\ud83d\ude0d, 1
wait\n, 1
//t.co/HNlrmyvZ0, 1
OUI\ud83d\ude2d\ud83d\ude2d\ud83d\ude2d, 1
//t.co/DA6BnNQLv, 1
jkkjkkkk, 1
//t.co/xG8VUwiWK, 1
NotMohamedEmad, 1
ezay, 1
//t.co/lvfbEryHt, 1
//t.co/cXWomCGSe, 1
cancelar, 1
//t.co/HzdxS6Ym5, 1
//t.co/Kwpxo3wkQI, 1
`La, 1
foreign, 1
Dope, 1
YEESSS, 1
//t.co/XecfOD8Gs, 1
anyone, 1
Yesssssssss, 1
many, 1
questions, 1
\ud83d\ude29, 1
//t.co/UQue4vUlJ, 1
Watched, 1
5, 1
day.., 1
addicted, 1
\ud83d\ude05, 1
archi-messed, 1
\nam, 1
help, 1
admire, 1
almojsm, 1
alfi, 1
albedaya, 1
wan\u2026, 1
//t.co/9lu6BZ2fq0, 1
kkkkkkkkkkkkkkk, 1
//t.co/vuvfE0gs4, 1
Al_Pacino_, 1
lacasadepapelbr, 1
//t.co/ttWtzaCgX, 1
OHH, 1
//t.co/JbrVgpg6N, 1
//t.co/SeoDOTLXrm, 1
THAT'S\nJUST\nWRONG\n\nVERY\nWRONG, 1
//t.co/UXqjzagd1, 1
Renews, 1
AKA, 1
//t.co/C2OJ4OZs6, 1
_wallacerj, 1
Tmnc, 1
porra, 1
vem, 1
logo, 1
//t.co/CigXXjX8QZ, 1
Nunca, 1
assisti, 1
Game, 1
trones, 1
cards, 1
ele_frr, 1
//t.co/t5CKd7GXNT, 1
they\u2019ll, 1
someone, 1
play, 1
role, 1
//t.co/Nz1VVBahd, 1
party, 1
//t.co/UNhrDEtCd, 1
feminarco, 1
//t.co/1iXfc04SDl, 1
//t.co/N8kdJyfGN, 1
//t.co/gW86pRYaJ, 1
//t.co/GEMTXfaEu, 1
hmmm, 1
//t.co/fuaXftE29, 1
steals, 1
spot, 1
again\n\nSeason, 1
\ud83d\udcc8, 1
//t.co/\u2026, 1
//t.co/eddoeuz9Q, 1
morta, 1
//t.co/qqvP1bh5Y, 1
ARE, 1
U, 1
SERIOUS, 1
//t.co/UkTOgBLm3, 1
I\u2019ve\u2026, 1
//t.co/cxF6blIfsA, 1
amey, 1
//t.co/QwQkWb54y, 1
except, 1
//t.co/nJJAS3BpO, 1
Mi, 1
//t.co/U4hma8ytX, 1
//t.co/zHqbsw80s, 1
//t.co/VwXLpW64kJ, 1
Con, 1
Netflixologo, 1
//t.co/3VGpJeL0s, 1
\ud83d\udd25\ud83d\udd25\ud83d\udd25\ud83d\udd25\ud83d\udd25\ud83d\udd25\ud83d\udd25\ud83d\udcaf\ud83d\udcaf\ud83d\udcaf\ud83d\udcaf\ud83d\udcaf\ud83d\udcaf\ud83d\udc4c\ud83c\udffb\ud83d\udc4c\ud83c\udffb\ud83d\udc4c\ud83c\udffb\ud83d\udc4c\ud83c\udffb\ud83d\udc4c\ud83c\udffb\ud83d\udc4c\ud83c\udffb, 1
Fun, 1
Fact, 1
originally, 1
called, 1
Paper, 1
plot, 1
revolves, 1
around, 1
heist\u2026, 1
//t.co/nr0FON6bB, 1
TheNaomiJon, 1
obsessed, 1
NouvelV, 1
//t.co/AwBNuPjRV, 1
S2, 1
//t.co/rGdJqfxkm, 1
//t.co/QK2psN4vv, 1
\ud83d\ude0d\ud83d\ude0d\ud83d\ude0d\ud83d\udc4f\ud83c\udffc\ud83d\udc4f\ud83c\udffc\ud83d\udc4f\ud83c\udffc\ud83d\udc4f\ud83c\udffc, 1
Sameeee, 1
//t.co/9yELzuiMj, 1
//t.co/3HAOEDvMy, 1
crying, 1
\ud83d\ude2d\u2764, 1
//t.co/QWdPWcpPM4, 1
deadline, 1
understanding, 1
spain, 1
Yuppiiii, 1
//t.co/PXVaQmXOI, 1
//t.co/gpe19xUa2o, 1
//t.co/Ga3tNwcDj, 1
bad\nPrison, 1
\nVikings, 1
\nSpartacus, 1
\nThe, 1
doctor, 1
\nPeaky, 1
loading, 1
\ud83d\ude02\ud83d\ude02\ud83d\ude02, 1
MONEYHEIST, 1
\ud83d\udd25\ud83d\udd25\ud83d\udd25\ud83d\udd25\ud83d\udd25\ud83d\udd25\ud83d\udcaf\ud83d\udcaf\ud83d\udcaf\ud83d\udcaf\ud83d\udcaf\ud83d\udcaf\ud83d\udc4c\ud83c\udffb\ud83d\udc4c\ud83c\udffb\ud83d\udc4c\ud83c\udffb\ud83d\udc4c\ud83c\udffb\ud83d\udc4c\ud83c\udffb\ud83d\udc4c\ud83c\udffb\ud83d\udc4c\ud83c\udffb, 1
STOP, 1
YOUTUBERS, 1
BRAZIL, 1
//t.co/jgOKIj6mA, 1
YAAAAAS, 1
//t.co/UlJlOHnBq, 1
Wtf, 1
//t.co/CB5bedr9Q, 1
wants, 1
characters, 1
//t.co/yoSCoedYJ, 1
nunca, 1
critique, 1
//t.co/mJAz9FcAy, 1
HAPPENING, 1
'M, 1
veiggay, 1
Santa, 1
Clarita, 1
Diet\nThe, 1
Walking, 1
Dead\nOnce, 1
Upon, 1
Time\nShadowhunters\nLa, 1
papel\nRiverdale\nGossip, 1
Girl\nUma, 1
Odisseia, 1
Corean, 1
\ud83d\ude0d\ud83d\udda4\ud83d\udda4\ud83d\udda4\ud83d\udda4\ud83d\udda4\ud83d\udda4, 1
//t.co/WROl7mzhe, 1
omggg, 1
//t.co/sZpBokEaI, 1
Lisa, 1
whyyyyyy, 1
//t.co/XYuwTUbuc, 1
GRAN, 1
PUTA, 1
\n*slow, 1
claps*\nNever, 1
satisfied, 1
JODER, 1
//t.co/QgikRGnXB6, 1
PRAISEEEEEE, 1
LORRRDDDD, 1
//t.co/CWFyCQvZg, 1
name, 1
//t.co/jEmNZoRILs, 1
year.., 1
Im, 1
living, 1
reedhastings, 1
Hi, 1
suggestion, 1
send, 1
regarding, 1
leak, 1
To\u2026, 1
//t.co/xXHc8u7hiI, 1
enamlaury, 1
//t.co/NOmK2Glk2, 1
comptonscat, 1
bold, 1
type, 1
brooklyn99, 1
tim, 1
Parem, 1
//t.co/lwJpUgyCp, 1
Pappeelll, 1
\ud83d\udcaa\ud83d\udcaa\ud83d\udcaa, 1
//t.co/PrdB8UbwN, 1
dreaming, 1
protector, 1
\ud83d\ude0d\ud83d\ude2d, 1
//t.co/DgNFrXYym, 1
imo, 1
2017, 1
GUESS, 1
//t.co/qfTCkNY8y, 1
ma_grelo, 1
morty, 1
//t.co/y3nIQK27V, 1
//t.co/MmX103Cys, 1
holy, 1
yessss, 1
//t.co/hw8DlWfjs, 1
might, 1
2nd, 1
seemed, 1
bit, 1
reminds, 1
Karyn, 1
Usher, 1
excellent, 1
Police, 1
Cops, 1
//t.co/FSZ8FcJ0l, 1
Olley, 1
//t.co/eauscSslV, 1
'D, 1
PRODUCED, 1
although, 1
pleas\u2026, 1
//t.co/9ogbn9h1IG, 1
U_Leunardu, 1
yeeeees, 1
larilas, 1
//t.co/MyRTpuN3x, 1
Inspector, 1
closest, 1
times, 1
OTP, 1
//t.co/JWa3XtAik, 1
Mdss, 1
naoooo, 1
//t.co/W6AQM5Zki, 1
//t.co/lun8e8pLH, 1
Elprofessor, 1
smash, 1
Bros., 1
Nintendo, 1
MAZOQUE, 1
//t.co/8Mz1Z3SqN, 1
WHY, 1
DO, 1
GUYS, 1
RENEW, 1
NOT, 1
EVERYTHING, 1
SUCKS, 1
hice, 1
pichi, 1
//t.co/sLiG0KTIQ, 1
Show, 1
\ud83d\udc4f\ud83c\udffc, 1
//t.co/NjvAQ5hXH, 1
Because, 1
capitalism, 1
//t.co/E006SKiM2, 1
ravenreyeees, 1
till, 1
\ud83d\ude29\ud83d\ude29\ud83d\ude29\ud83d\ude29\ud83d\ude29, 1
stuckingayhell, 1
local, 1
capitalist/supporter, 1
singing, 1
'bella, 1
ciao, 1
knowing, 1
spreading\u2026, 1
isaksgalaxy, 1
recommend, 1
done, 1
AFTER, 1
believe, 1
you\u2026, 1
//t.co/CijbB3nDv, 1
//t.co/EjlyGRtKi, 1
pelo, 1
payaso, 1
antena3com, 1
iframe, 1
src=\, 1
//t.co/TSoRtUDxNm\, 1
width=\, 1
500\, 1
height=\, 1
459\, 1
//t.co/oaH2yk4x7G, 1
day\ud83d\ude0d\ud83d\udc4c\nMy, 1
3\ud83d\ude0d\ud83d\ude0d\n, 1
//t.co/xdS8NrV16, 1
ahre, 1
bobo, 1
//t.co/pwQy8mHhg, 1
REFUSE, 1
call, 1
whites, 1
take, 1
continued, 1
tell, 1
//t.co/IqTKaMFqFm, 1
merci, 1
gracias, 1
grazie, 1
danke, 1
//t.co/QiSdGWc0w, 1
Obvio, 1
//t.co/4KzBAEkow, 1
//t.co/vQNH9Q7kSm, 1
//t.co/Vzaoos4EH, 1
papel\ud83d\ude22, 1
Hadeel_Alsulami, 1
Dark, 1
college, 1
\ud83d\udc4c\ud83c\udffc\ud83d\udc4c\ud83c\udff, 1
Y, 1
\ud83d\udc97, 1
//t.co/wDKecWIte, 1
//t.co/GBTkKujCQ, 1
YOUHOUUUUUUUUUUUUUU, 1
//t.co/N0S7m6wMP, 1
healthy, 1
relationship, 1
pop, 1
culture, 1
//t.co/Wy6nCR0wj, 1
//t.co/K6WQ5Thp7, 1
Gerson, 1
ferrou, 1
kkkkkk, 1
//t.co/vitp6xmbBf, 1
_gee30, 1
Las, 1
Chicas, 1
Cable, 1
\ud83d\ude47\ud83c\udffb\u200d\u2640\ufe0f, 1
FR, 1
Twitter, 1
//t.co/b4oWRuNjWX, 1
S02E08, 1
//t.co/TfcQRcCzy8, 1
//t.co/Qcv814pF7, 1
Plot, 1
twist, 1
hay, 1
//t.co/MdK8WqM3q, 1
\ud83d\ude41\ud83d\ude22, 1
//t.co/X1fz96TxQ, 1
ITALIAN, 1
CULTURE, 1
PROUD, 1
\n\nLa, 1
//t.co/j3Q6XUanf, 1
\ud83d\ude2b, 1
YaraArrabi1, 1
//t.co/C42zeqULw, 1
Whoaaaaaaa, 1
//t.co/Y650EaAS2, 1
kaanbeautiful, 1
whole, 1
career, 1
Profesor\, 1
P\u2026, 1
//t.co/szCduRXME, 1
Wyd, 1
//t.co/C8ntKHWr5, 1
\ud83d\udc4f\ud83c\udffe, 1
//t.co/ZIaneX0fC, 1
GuadalupGottig, 1
Ke, 1
emosionnnnn\ud83d\ude04\ud83d\ude04\ud83d\ude0d\ud83d\ude0d, 1
//t.co/CA2DWw0ULa, 1
Fais, 1
ton, 1
1-, 1
TWD\n2-, 1
papel\n3-, 1
//t.co/RDwl18Bxn3, 1
felvizumab, 1
Papel\n\nBehind, 1
scenes, 1
//t.co/Llty5wwX8Q, 1
doubt, 1
Aleeccg, 1
//t.co/EM3uxMitO, 1
renews, 1
remain, 1
exclusively, 1
//t.co/5ESlwEgKet, 1
lightbloods, 1
//t.co/qzjPHxdRw, 1
mind, 1
subtitles, 1
liked, 1
short, 1
add, 1
dragged, 1
train, 1
home, 1
malfunction, 1
stuck, 1
nameless, 1
town, 1
10min, 1
//t.co/XS7Hn1Oo1I, 1
//t.co/XsLlrC0VV, 1
suicide, 1
cancelled, 1
//t.co/iVkgPW7Yh, 1
heteros, 1
\ud83d\ude18\ud83d\ude18\ud83d\ude18, 1
along, 1
Mr., 1
Mrs., 1
Pierce, 1
BlackLightning, 1
straight, 1
couples, 1
\ud83d\ude0d\ud83d\ude0d\ud83d\ude0d\u2026, 1
//t.co/0TJiSpejY, 1
WWHHHAATTTT, 1
//t.co/NUfn9VE78, 1
SirTuga_08, 1
Omg, 1
whatcha, 1
school, 1
babe, 1
omgMarah, 1
remembered, 1
******, 1
shot, 1
imagine, 1
h**, 1
hap\u2026, 1
Sorry, 1
agree, 1
simply, 1
replied, 1
tr\u2026, 1
//t.co/6BHHHcfwd, 1
SebasRecaldeS, 1
etc, 1
GUATS, 1
//t.co/1r1Ue2sqw, 1
DGSAFDMD, 1
wasn\u2019t, 1
mainly, 1
follow, 1
cau\u2026, 1
//t.co/g5FMRSygP, 1
trago, 1
spoilers, 1
//t.co/yTvf5wEu6, 1
//t.co/kfLfJzQKr, 1
\ud83e\udd18, 1
cemteresan, 1
//t.co/tIJpSU9DD, 1
//t.co/VHLNm0RMha, 1
//t.co/IRh7xJUys, 1
yeahhhhhhhh\u2764\ufe0f, 1
//t.co/sRifSifq9, 1
\u0628\u0646_\u062f\u0642\u0644\u0647_\u0628\u0627\u0644\u0633\u0627\u062d\u0644_\u0627\u0644\u0634\u0631\u0642\u064a, 1
exist, 1
//t.co/bjAGgaexC, 1
given, 1
//t.co/d5ADGUV87, 1
Heeee, 1
merceee, 1
//t.co/w1mi8i0Ed, 1
S02E01, 1
//t.co/4coeXiVCzK, 1
//t.co/L3zZ11BAT, 1
catch, 1
//t.co/jmek65qoF, 1
tan, 1
//t.co/jOAzuhWto, 1
dlwrlmas, 1
margarida, 1
//t.co/K1iIhNxIvs, 1
Binge, 1
Report\, 1
weeks, 1
\n\nYou, 1
loving, 1
\ud83d\ude2f, 1
//t.c\u2026, 1
MrLightning11, 1
Papel\u2019s, 1
looking, 1
forward, 1
\ud83e\udd29\ud83e\udd29\ud83e\udd29https, 1
//t.co/0YlaQ8OXs9, 1
STAY, 1
WINNING, 1
//t.co/hmjnVvZCv, 1
//t.co/HQuqjEXnL, 1
\ud83e\udd11\ud83e\udd11\ud83e\udd11, 1
//t.co/2oRzhI8KW, 1
mardelima_, 1
True, 1
//t.co/8URreOlcQ, 1
season3, 1
YESSIR, 1
myyaamm, 1
exciteddddd\ud83d\ude0d\ud83d\ude0d, 1
//t.co/parh19MAB, 1
was\ud83d\ude25\ud83d\ude25, 1
AAAAAAAAAAAAAAAH, 1
YESSSSSS, 1
//t.co/RlHK1FKvJ, 1
OMGGGGGGGGGGGGGGGGGGGGGGGGGGGGGGGGG, 1
WIGGGGGGGGGGGGGGGG, 1
//t.co/FPH2yqaxy, 1
stuff, 1
seems, 1
af, 1
theres, 1
reason, 1
besides, 1
S02E02, 1
//t.co/Uj7htdLl0X, 1
\ud83d\ude0fthey, 1
alone, 1
//t.co/cbOfUwacX, 1
//t.co/bDzThajNm, 1
TOLD, 1
HAD, 1
MAKE, 1
//t.co/LVLniRaPX, 1
cancer, 1
//t.co/2ZnIerxvg, 1
con, 1
ponen, 1
peor, 1
que, 1
yo, 1
Star, 1
Wars, 1
SAYING, 1
SOMETHING, 1
Yeaaaaaah, 1
\ud83d\ude01\ud83d\ude01\ud83d\ude01, 1
//t.co/LKtUaE1YX, 1
1happyfiera, 1
Agreed, 1
RenewEverythingSucks, 1
//t.co/b09CBHO2z, 1
screaming, 1
whaT, 1
DELICIOUS, 1
//t.co/qHgt05rSo, 1
elifaydogdu75, 1
//t.co/Nxyb1H8xrB, 1
havinG, 1
THEIR, 1
SHOOKETH, 1
HYPED, 1
//t.co/ijWq3Mcrn, 1
//t.co/xheHFASm2, 1
Yeaaaah, 1
\ud83d\ude4f\ud83c\udffb, 1
//t.co/jrpW6kERc, 1
Dos, 1
mesmo, 1
hypadores, 1
//t.co/KVPQ59VZU, 1
Arrasou, 1
//t.co/KlYrSE7ok, 1
Agussilveira_1, 1
grey, 1
anatomy, 1
//t.co/bbLHNOIYgE, 1
S02E09, 1
//t.co/doAPvZusSM, 1
//t.co/J5tFesmGz, 1
Parks, 1
Recreation, 1
//t.co/NedLzUIRK, 1
season\u2026, 1
//t.co/7ulhgM9QNM, 1
yess\u2764\ufe0f\u2764\ufe0f\u2764\ufe0f, 1
//t.co/uRsvMJ4AR, 1
title, 1
Hadrian, 1
bizarre, 1
considering, 1
original, 1
Pape\u2026, 1
//t.co/RWTws4xWL, 1
papel\ud83d\ude2d, 1
gassed, 1
rn, 1
//t.co/T4Hv6PHYW, 1
et, 1
Manuel, 1
Vall\, 1
TRUE, 1
//t.co/gYkzQQiXR, 1
truly, 1
wan, 1
Morty, 1
//t.co/7CuG9Q6iJ, 1
Super, 1
\ud83c\udf1a, 1
//t.co/vc9mpEGG2, 1
louder, 1
back\n\nNan, 1
s\u00e9rieux, 1
ils, 1
font, 1
chier, 1
//t.co/tJfSyRWFD, 1
Nana_rbl, 1
MafeGonofuckers, 1
//t.co/mt4qfhnId, 1
Remember, 1
telling, 1
wanted, 1
favourite, 1
moment, 1
damn, 1
aaah, 1
\u2764\u2764\u2764, 1
//t.co/CJRhfzpNS, 1
SAME, 1
SAM, 1
//t.co/jCzBdqRWp, 1
Literal\ud83d\ude02\u2764\ufe0f, 1
//t.co/yKLaB4hzd, 1
overrated, 1
awesome\ud83d\ude0d\ud83d\ude0d\ud83d\ude06\ud83d\ude06\u2665\ufe0f\u2665\ufe0f\ud83d\udc4a\ud83c\udffe\ud83d\udc4a\ud83c\udffe\u00a0, 1
//t.co/VkkxN4SDP, 1
annoying, 1
//t.co/4FNVruDUE, 1
Louder, 1
//t.co/qvwxCXEed, 1
//t.co/SlIIDXhl5, 1
Youhouuuuu, 1
\ud83d\ude4c\ud83c\udffc\ud83d\udc83\ud83c\udffd\n, 1
dansedelajoie, 1
//t.co/QO7VIVQ5k, 1
