A, 51
unfortunate, 40
Unfortunate, 40
series, 39
Series, 38
Events, 35
events, 34
RT, 27
https, 26
I, 20
's, 15
Season, 9
The, 9
Lemony, 8
Snicket, 8
'', 8
Netflix, 7
\ud83c\udfa5, 7
2, 7
Well, 6
SERIES, 5
show, 5
Of, 5
Review, 5
2\, 5
Entertaining, 5
Acted\n, 5
AndreaRittschof\u2026, 5
'm, 4
watching, 4
season, 4
AZ_Charlene, 4
much, 4
weird, 3
good, 3
tell, 3
loving, 3
ActuallyNPH, 3
GENIUS, 3
Amazing\u2026, 3
Who, 3
obsessed, 3
Cause, 3
know, 3
snake, 3
slithered, 3
away, 3
n't, 3
started, 3
ruined, 3
Kenya, 3
OF, 3
UNFORTUNATE, 3
EVENTS, 3
two, 2
Today, 2
BriiNadjh, 2
crazy, 2
af, 2
everything, 2
exactly, 2
pictured, 2
head, 2
kid, 2
lol, 2
..., 2
JUST, 2
tv, 2
whole, 2
mizzmic, 2
2017, 2
//t.co/5rYmU1QsmM, 2
event, 2
3, 2
misslefroy, 2
sunny, 2
baudelaire, 2
//t.co/b0mtJAwg3O, 2
fairygabbana, 2
girl, 2
cute, 2
wtf, 2
wasn\u2019t, 2
pretty, 2
15, 2
//t.co/bvi6jlfvK8, 2
sucha, 2
attracted, 2
\ud83d\ude05\ud83d\ude05, 2
happy, 2
amp, 2
watch, 2
really, 2
Owaahh, 2
first, 2
computer, 2
Th\u2026, 2
post, 2
honeydovelies, 2
VFX, 2
Breakdowns, 2
Inside, 2
Lost, 2
Space, 2
Ritual, 2
1922, 2
it\u2019s, 1
Elbnoot_, 1
Duh, 1
\u263a\ufe0f, 1
seasons, 1
think, 1
right, 1
alle, 1
Rubanzo11, 1
S02E04, 1
life, 1
Had, 1
beers, 1
binge, 1
watched, 1
What, 1
night, 1
KNEW, 1
WE, 1
HAD, 1
NETFLIX, 1
\u203c\ufe0f\u203c\ufe0f\u203c\ufe0f, 1
Why, 1
discover, 1
//t.co/kOHAoBq76f, 1
Jay52_TX, 1
InboundMarketing, 1
man, 1
buns, 1
Marketing, 1
//t.co/sA22CQYYoy, 1
MissMcCleary, 1
sooo, 1
goo, 1
NathanZed, 1
idk, 1
take, 1
mr., 1
poe, 1
nother, 1
BerniceKing, 1
ShaunKing, 1
Emma4Change, 1
davidhogg111, 1
TheKingCenter, 1
also, 1
handled, 1
situation, 1
p\u2026, 1
//t.co/dktTT2t1O3, 1
omg, 1
yall, 1
realised, 1
young, 1
kara, 1
violet, 1
//t.co/3ICUZoH5q, 1
S02E05, 1
catalogue, 1
examples, 1
fighting, 1
overcoming, 1
injustices, 1
peace\u2026, 1
//t.co/cggdx6CkWz, 1
wildtcole, 1
lemony, 1
snickets, 1
god, 1
//t.co/8L93pxwgc, 1
finished, 1
\u201cA, 1
events\u201d, 1
yesterday, 1
last, 1
part, 1
bitin, 1
\ud83d\ude2b, 1
Can\u2019t, 1
wait, 1
fortune, 1
teller, 1
librarian, 1
smoke, 1
mirrors.\, 1
\ud83d\udd2e\n~A, 1
\n, 1
LemonySnicket, 1
ssn, 1
\nYAAAAS, 1
\ud83d\udc83\ud83c\udffd, 1
she\u2019s, 1
playing, 1
esm\u00e9, 1
squalor, 1
//t.co/Ettr4y2UG, 1
S02E06, 1
NW, 1
\ud83d\ude0d, 1
JBlaireee, 1
JamesAsmus, 1
underappreciated, 1
S02E07, 1
\u2609, 1
kingtaengg, 1
neptoon, 1
au, 1
\ud83c\udf89\ud83d\udc6f\u200d\u2640\ufe0f\ud83d\udc8b, 1
13th, 1
lil, 1
cheez, 1
corn, 1
Hunter, 1
Barrel, 1
Eastland, 1
//t.co/YzvgZFLkBf, 1
If, 1
Baudelaire, 1
children, 1
\u2018A, 1
Events\u2019, 1
black, 1
lot, 1
people, 1
would, 1
see, 1
Count, 1
Olaf, 1
as\u2026, 1
//t.co/OSirKZuvk, 1
Marquei, 1
como, 1
visto, 1
2x10, 1
Carnivorous, 1
Carnival, 1
Part, 1
Two, 1
//t.co/DPvl9JTTYD, 1
bancodeseries, 1
makes, 1
heart, 1
Kung, 1
dili, 1
mo, 1
gusto, 1
madisappoint, 1
every, 1
episode, 1
please, 1
hahahaha, 1
thank, 1
later, 1
itsSOUEquotes, 1
Person, 1
yo, 1
events\nMe, 1
LOOK, 1
AWAY, 1
wreck, 1
evening, 1
li\u2026, 1
first\u2026, 1
//t.co/KlTk0FYqwK, 1
GingyNorth, 1
He, 1
Events\, 1
S02E08, 1
movie, 1
wow, 1
miss, 1
uncle, 1
monty, 1
annieaxhood, 1
\u201cAt, 1
times, 1
world, 1
may, 1
seem, 1
unfriendly, 1
sinister, 1
place, 1
believe, 1
bad, 1
Al\u2026, 1
BUT, 1
ALSO, 1
FINISHED, 1
AND, 1
I\u2019M, 1
SOOOOOO, 1
SAD, 1
\ud83d\udcab, 1
//t.co/d9OfgVtCP, 1
I\u2019m, 1
going, 1
back, 1
sleep, 1
fortunate, 1
In, 1
days, 1
natapos, 1
ko, 1
yung, 1
shannonpurser, 1
events.., 1
ali, 1
tried, 1
keys, 1
house, 1
london, 1
glasgow, 1
went, 1
bulgaria, 1
they\u2019re, 1
lost, 1
i\u2026, 1
//t.co/6tZmtpHNIm, 1
accidentally, 1
liked, 1
one, 1
Ali\u2019s, 1
ex\u2019s, 1
insta, 1
posts, 1
april, 1
2015, 1
janellelapointe, 1
Man, 1
well, 1
done, 1
get, 1
One, 1
best, 1
boo\u2026, 1
S02E09, 1
Jasminejade2x, 1
benmurraybruce, 1
s02e02, 1
brain, 1
velsmells, 1
Small, 1
Mr., 1
Poe, 1
incompetent\nBig, 1
captures, 1
brutal, 1
reality, 1
adults, 1
have\u2026, 1
IN, 1
THE, 1
BOOK, 1
CAME, 1
OUT, 1
GraceStrodtbeck, 1
WAIT, 1
1ST, 1
1999, 1
13TH, 1
2006, 1
lemonysnicket\u2026, 1
//t.co/sNx9U278e, 1
//t.co/E0ZQc4hXG, 1
//t.co/Rt9Ruq2pz, 1
//t.co/gIKHT6gKu, 1
//t.co/5I3CYsQ1z, 1
glad, 1
forgot, 1
already, 1
We, 1
avoid, 1
something, 1
ghastly, 1
that1999kid, 1
netflix, 1
shows, 1
worth, 1
watch\n-one, 1
day, 1
time\n-a, 1
events\n-on, 1
block, 1
\n-greenhouse, 1
academy\n-degrass\u2026, 1
reached, 1
point, 1
drop, 1
nowhere, 1
prepared, 1
Trey_Bookhammer, 1
Wait, 1
reference, 1
Flyers, 1
enduring, 1
actually, 1
\ud83d\ude0, 1
S02E10, 1
Unfortunate\u00a0Events, 1
//t.co/33qSgZyIsX, 1
New, 1
more\, 1
\u2026, 1
//t.co/pMIZ3B9fUU, 1
//t.co/jsDwt5FLjA, 1
