@Elbnoot_ Duh it\u2019s a series of unfortunate events. \u263a\ufe0f has two seasons on Netflix, think it\u2019s right down your alle
, -0.16746031746031748
Today was a SERIES of unfortunate events
, -0.5
RT @Rubanzo11: Today was a SERIES of unfortunate events
, -0.5
RT @BriiNadjh: A series of unfortunate events is crazy af because everything is exactly how I pictured it in my head when I was a kid lol
, -0.012500000000000011
\ud83c\udfa5: Lemony Snicket's A Series of Unfortunate Events S02E04
, -0.5
my life is a series of unfortunate events
, -0.5
Had a few beers and binge watched a series of unfortunate events. What a weird night....
, -0.39999999999999997
I JUST KNEW WE HAD NETFLIX and now I'm watching A Series of Unfortunate Events \u203c\ufe0f\u203c\ufe0f\u203c\ufe0f Why did I just discover this?!
, -0.625
https://t.co/kOHAoBq76f RT Jay52_TX: #InboundMarketing and man buns: a series of unfortunate events | #Marketing https://t.co/sA22CQYYoy
, -0.5
@MissMcCleary A series of unfortunate events tv show is sooo goo
, -0.5
RT @NathanZed: is a series of unfortunate events Season 2 good. idk if I can take mr. poe for a whole nother season
, 0.13333333333333333
RT @mizzmic: A series of unfortunate events (2017) https://t.co/5rYmU1QsmM
, -0.5
@BerniceKing @ShaunKing @Emma4Change @davidhogg111 @TheKingCenter they also handled the situation as if it were a p\u2026 https://t.co/dktTT2t1O3
, 0.0
omg yall i just realised young kara is violet from a series of unfortunate events https://t.co/3ICUZoH5q
, -0.2
\ud83c\udfa5: Lemony Snicket's A Series of Unfortunate Events S02E05
, -0.5
The Series of Unfortunate Events is just a catalogue of examples of why fighting and overcoming injustices in peace\u2026 https://t.co/cggdx6CkWz
, -0.5
RT @BriiNadjh: A series of unfortunate events is crazy af because everything is exactly how I pictured it in my head when I was a kid lol
, -0.012500000000000011
@wildtcole lemony snickets: a series of unfortunate event
, -0.5
on god . https://t.co/8L93pxwgc
, 0.0
I just finished watching \u201cA series of unfortunate events\u201d yesterday and the last part was very bitin...\ud83d\ude2b when is the season 3? Can\u2019t wait...
, -0.09999999999999999
RT @AZ_Charlene: I cannot tell you how much I am loving A Series of Unfortunate Events Season 2. @ActuallyNPH  is A GENIUS in this. Amazing\u2026
, 0.04999999999999999
RT @AZ_Charlene: \"A fortune teller is just a librarian in with smoke and mirrors.\" \ud83d\udd2e\n~A Series of Unfortunate Events \n#LemonySnicket
, -0.375
A series of unfortunate events  ssn 2 \nYAAAAS \ud83d\udc83\ud83c\udffd
, -0.5
she\u2019s playing esm\u00e9 squalor in a series of unfortunate events https://t.co/Ettr4y2UG
, -0.5
\ud83c\udfa5: Lemony Snicket's A Series of Unfortunate Events S02E06
, -0.5
RT @AZ_Charlene: I cannot tell you how much I am loving A Series of Unfortunate Events Season 2. @ActuallyNPH  is A GENIUS in this. Amazing\u2026
, 0.04999999999999999
RT @misslefroy: me when sunny baudelaire in a series of unfortunate events https://t.co/b0mtJAwg3O
, -0.5
RT @mizzmic: A series of unfortunate events (2017) https://t.co/5rYmU1QsmM
, -0.5
RT @misslefroy: me when sunny baudelaire in a series of unfortunate events https://t.co/b0mtJAwg3O
, -0.5
RT @fairygabbana: The girl from A Series of Unfortunate Events is so cute wtf why wasn\u2019t I this pretty when I was 15 https://t.co/bvi6jlfvK8
, -0.0625
NW: A series of unfortunate events \ud83d\ude0d
, -0.5
Who's obsessed with ( @Unfortunate ) a series of unfortunate events? Cause I know I am!
, -0.5416666666666666
A Series Of Unfortunate Events is sucha weird show but I'm attracted to it \ud83d\ude05\ud83d\ude05
, -0.5
RT @AZ_Charlene: I cannot tell you how much I am loving A Series of Unfortunate Events Season 2. @ActuallyNPH  is A GENIUS in this. Amazing\u2026
, 0.04999999999999999
RT @JBlaireee: A Series Of Unfortunate Events is sucha weird show but I'm attracted to it \ud83d\ude05\ud83d\ude05
, -0.5
@JamesAsmus A Series Of Unfortunate Events
, -0.5
A Series Of Unfortunate Events on Netflix is underappreciated.
, -0.5
\ud83c\udfa5: Lemony Snicket's A Series of Unfortunate Events S02E07
, -0.5
RT @kingtaengg: \u2609 neptoon!au : a series of unfortunate events \u2609
, -0.5
a series of unfortunate events \ud83c\udf89\ud83d\udc6f\u200d\u2640\ufe0f\ud83d\udc8b happy 13th my lil cheez corn! @ Hunter &amp; Barrel Eastland https://t.co/YzvgZFLkBf
, 0.10000000000000002
If the Baudelaire children in \u2018A Series of Unfortunate Events\u2019 were black, a lot of people would see Count Olaf as\u2026 https://t.co/OSirKZuvk
, -0.3333333333333333
Marquei como visto A Series of Unfortunate Events - 2x10 - The Carnivorous Carnival: Part Two https://t.co/DPvl9JTTYD #bancodeseries
, -0.5
A Series of Unfortunate Events makes my heart happy.
, 0.15000000000000002
RT @fairygabbana: The girl from A Series of Unfortunate Events is so cute wtf why wasn\u2019t I this pretty when I was 15 https://t.co/bvi6jlfvK8
, -0.0625
Kung dili mo gusto madisappoint in every episode, please do not watch A Series of Unfortunate Events hahahaha thank me later
, -0.09999999999999999
RT @itsSOUEquotes: Person: yo should I watch a series of unfortunate events\nMe: LOOK AWAY, this show will wreck your evening, your whole li\u2026
, -0.15
The snake slithered away as if it hadn't just started a series of unfortunate events that had ruined Kenya's first\u2026 https://t.co/KlTk0FYqwK
, -0.5
@GingyNorth He's really good in Netflix's \"A Series of Unfortunate Events\" too
, 0.09999999999999998
\ud83c\udfa5: Lemony Snicket's A Series of Unfortunate Events S02E08
, -0.5
RT @Owaahh: The snake slithered away as if it hadn't just started a series of unfortunate events that had ruined Kenya's first computer. Th\u2026
, -0.125
RT @Owaahh: The snake slithered away as if it hadn't just started a series of unfortunate events that had ruined Kenya's first computer. Th\u2026
, -0.125
a series of the unfortunate events the movie is on tv wow i miss uncle monty
, -0.2
RT @annieaxhood: \u201cAt times the world may seem an unfriendly and sinister place, but believe that there is much more good in it than bad. Al\u2026
, 2.7755575615628914e-17
BUT ALSO. I JUST FINISHED A SERIES OF UNFORTUNATE EVENTS AND I\u2019M SOOOOOO SAD
, -0.5
a series of unfortunate events \ud83d\udcab https://t.co/d9OfgVtCP
, -0.5
Well, I\u2019m going back to sleep after a fortunate unfortunate series of events
, -0.033333333333333326
In just two days natapos ko yung A SERIES OF UNFORTUNATE EVENTS!!
, -0.78125
@shannonpurser A series of unfortunate events..
, -0.5
so ali tried to post my keys to the house in london up to me in glasgow once he went to bulgaria but they\u2019re lost i\u2026 https://t.co/6tZmtpHNIm
, 0.0
a further series of unfortunate events, a just accidentally liked one of Ali\u2019s ex\u2019s insta posts from april 2015 :):):)
, 0.26666666666666666
RT @janellelapointe: Man, the A Series Of Unfortunate Events Netflix series is just so well done. I cannot get over it. One of the best boo\u2026
, 0.25
\ud83c\udfa5: Lemony Snicket's A Series of Unfortunate Events S02E09
, -0.5
@Jasminejade2x A series of unfortunate event
, -0.5
watching Lemony Snicket's A Series of Unfortunate Events
, -0.5
@benmurraybruce A series of unfortunate events
, -0.5
A Series of Unfortunate Events s02e02
, -0.5
RT @velsmells: Small brain: Mr. Poe is incompetent\nBig brain: A series of unfortunate events captures the brutal reality of adults who have\u2026
, -0.5416666666666666
A series of unfortunate events
, -0.5
RT @GraceStrodtbeck: WAIT! THE 1ST BOOK IN A SERIES OF UNFORTUNATE EVENTS CAME OUT IN 1999 &amp; THE 13TH BOOK CAME OUT IN 2006? @lemonysnicket\u2026
, -0.25
RT @honeydovelies: Who's obsessed with ( @Unfortunate ) a series of unfortunate events? Cause I know I am!
, -0.5416666666666666
RT @honeydovelies: Who's obsessed with ( @Unfortunate ) a series of unfortunate events? Cause I know I am!
, -0.5416666666666666
Review: \"A Series of Unfortunate Events Season 2\" Entertaining and Well Acted\n@AndreaRittschof\u2026 https://t.co/sNx9U278e
, -0.08333333333333333
Review: \"A Series of Unfortunate Events Season 2\" Entertaining and Well Acted\n@AndreaRittschof\u2026 https://t.co/E0ZQc4hXG
, -0.08333333333333333
Review: \"A Series of Unfortunate Events Season 2\" Entertaining and Well Acted\n@AndreaRittschof\u2026 https://t.co/Rt9Ruq2pz
, -0.08333333333333333
Review: \"A Series of Unfortunate Events Season 2\" Entertaining and Well Acted\n@AndreaRittschof\u2026 https://t.co/gIKHT6gKu
, -0.08333333333333333
Review: \"A Series of Unfortunate Events Season 2\" Entertaining and Well Acted\n@AndreaRittschof\u2026 https://t.co/5I3CYsQ1z
, -0.08333333333333333
I'm glad I forgot that season 2 of A Series of Unfortunate Events is already out. We should really avoid watching something so ghastly.
, 0.06666666666666667
3. A Series of Unfortunate Events
, -0.5
RT @that1999kid: netflix shows worth to watch\n-one day at a time\n-a series of unfortunate events\n-on my block \n-greenhouse academy\n-degrass\u2026
, -0.1
Netflix has reached the point where they drop season 2 of A Series of Unfortunate Events out of nowhere and I was not prepared.
, -0.5
@Trey_Bookhammer Wait was this not a reference to the Flyers enduring a series of unfortunate events or is it actually about the show \ud83d\ude0
, -0.25
\ud83c\udfa5: Lemony Snicket's A Series of Unfortunate Events S02E10
, -0.5
A Series of Unfortunate\u00a0Events https://t.co/33qSgZyIsX
, 0.0
New post: \"Netflix VFX Breakdowns: Inside Lost in Space, The Ritual, 1922, A Series of Unfortunate Events and more\"\u2026 https://t.co/pMIZ3B9fUU
, -0.20454545454545456
Netflix VFX Breakdowns: Inside Lost in Space, The Ritual, 1922, A Series of Unfortunate Events and more https://t.co/jsDwt5FLjA
, 0.0
