space, 759
lost, 755
https, 367
rt, 146
netflix, 139
..., 118
2, 96
's, 87
watching, 87
watched, 86
episode, 80
â€™, 76
tvtime, 75
new, 72
good, 70
've, 63
``, 62
'', 60
robot, 51
'm, 42
series, 41
watch, 38
season, 37
like, 36
lostinspace, 36
show, 35
smith, 35
really, 34
parker, 32
n't, 29
skateboard, 29
posey, 28
epic, 28
limited, 28
edition, 28
â€˜, 26
reboot, 25
time, 24
know, 22
1, 22
first, 21
2018, 20
playing, 19
'lost, 19
would, 18
doctor, 18
added, 18
library, 18
tv, 17
great, 17
need, 17
see, 17
things, 16
finished, 16
shit, 16
think, 16
one, 15
robinsons, 15
love, 15
original, 14
favorite, 14
via, 14
started, 14
cast, 13
dr, 13
trakt, 13
s01e01, 13
'd, 13
got, 13
character, 12
iconic, 12
anyone, 12
better, 12
ever, 11
interested, 11
give, 10
strong, 10
every, 10
movie, 10
hot, 10
yet, 10
loving, 10
episodes, 10
take, 10
pretty, 10
whole, 10
enjoying, 10
lenarr_, 10
composer, 10
christopher, 10
waiting, 10
quite, 9
sci-fi, 9
story, 9
especially, 9
teen, 9
're, 9
lostinspacetv, 9
â€“, 9
lennertz, 9
project, 9
seems, 9
johncheese, 9
might, 8
ca, 8
netflixuk, 8
stranger, 8
judy, 8
s01e04, 8
definitely, 8
robertbenglund, 8
underrated, 8
telling, 8
fx, 8
galaxy, 8
minasundwallâ€¦, 8
ok, 8
s01e10, 8
get, 8
sure, 8
want, 8
well, 8
made, 8
talks, 8
pain, 8
worth, 8
back, 8
saw, 8
shares, 8
fandom, 8
special, 8
gift, 8
career, 8
production, 8
7, 7
courtesy, 7
let, 7
little, 7
bad, 7
lot, 7
amazing, 7
s01e05, 7
wait, 7
robinson, 7
believe, 7
s01e06, 7
go, 7
s01e09, 7
1998, 7
two, 7
also, 7
entertaining, 7
much, 7
â€¦, 7
na, 7
codegalaxyuk, 7
website, 7
makeover, 7
lacks, 7
visitors, 7
help, 7
ğŸŒŸ, 7
entrepreneurs, 7
businâ€¦, 7
recommend, 7
far, 7
deadline, 7
last, 6
bitch, 6
else, 6
s01e03, 6
classic, 6
characters, 6
youtube, 6
past, 6
review, 6
looks, 6
gizmodo, 6
gets, 6
fucking, 6
holy, 6
oh, 6
io9, 6
'oh, 6
enjoyed, 6
say, 6
--, 6
fâ€¦, 6
best, 6
never, 6
im, 6
awesome, 6
people, 6
remake, 6
planet, 6
guy, 6
already, 6
omg, 6
red_emzy, 6
video, 6
way, 5
spaceâ€¦, 5
stupid, 5
danger, 5
heart, 5
s01e07, 5
feels, 5
end, 5
actually, 5
morganmpage, 5
//t.co/sqonzgv4bg, 5
eulogy, 5
4, 5
game, 5
called, 5
thing, 5
dr., 5
getting, 5
ign, 5
10, 5
god, 5
night, 5
bposnerimages, 5
//t.co/ueeuywo17l, 5
suggested, 5
display, 5
metal, 5
acrylic, 5
color, 5
palette, 5
included, 5
star, 5
look, 5
3, 5
must, 5
boy, 5
fantastic, 5
httâ€¦, 5
almost, 5
shows, 5
real, 5
make, 5
sâ€¦, 5
gon, 5
girl, 5
son, 5
day, 5
heyjacqui_, 5
defo, 5
thâ€¦, 4
castâ€¦, 4
maybe, 4
favourite, 4
creators, 4
changed, 4
drastically, 4
still, 4
literally, 4
charming, 4
stop, 4
days, 4
6, 4
alien, 4
trying, 4
find, 4
design, 4
try, 4
cried, 4
hate, 4
fun, 4
right, 4
.., 4
space-, 4
wow, 4
thought, 4
years, 4
seen, 4
'll, 4
kid, 4
absolutely, 4
highly, 4
nw, 4
black, 4
man, 4
piloting, 4
skills, 4
eat, 4
gamedev, 4
please, 4
de, 4
rescued, 4
heater, 4
valueâ€¦, 4
binge, 4
iâ€¦, 4
oldthingsiwantback, 4
//t.co/rk7kcvvckk, 4
gun, 4
futuristic, 4
intriguing, 4
slow, 3
half, 3
infestation, 3
happens, 3
done, 3
seriously, 3
film, 3
fight, 3
11, 3
hours, 3
stuff, 3
favor, 3
spoiler, 3
dangerwillrobinson, 3
seeing, 3
audio, 3
home, 3
1x01, 3
amp, 3
job, 3
rant, 3
legit, 3
haâ€¦, 3
mass, 3
effect, 3
someone, 3
hope, 3
world, 3
tbh, 3
live, 3
sur, 3
work, 3
odd, 3
ğŸ˜‚, 3
liked, 3
//t.co/p1wapk6fhn, 3
today, 3
lis_reboot, 3
minutes, 3
version, 3
family, 3
hard, 3
jump, 3
bc, 3
yeah, 3
debbie, 3
next, 3
starting, 3
molly, 3
lostâ€¦, 3
ship, 3
old, 3
another, 3
head, 3
yes, 3
netflixâ€¦, 3
mainly, 3
exact, 3
â€”, 3
2., 3
start, 3
paulallor, 3
long, 3
becoming, 3
aware, 3
reiterate, 3
ep1, 3
edge, 3
toâ€¦, 3
cool, 3
looking, 3
life, 3
terrible, 3
everyone, 3
music, 3
10/10, 3
opening, 3
weekend, 3
chicken, 3
bit, 3
makes, 3
white, 3
reasons, 3
westworld, 3
unfortunate, 3
events, 3
chance, 3
super, 3
going, 3
rate, 3
s01e08, 3
eps, 3
ğŸ‘½ğŸ›¸ğŸš€, 3
1x07, 3
pressurized, 3
check, 3
song, 3
sucks, 3
s1, 3
hi_imtemmy, 3
//t.co/1xjâ€¦, 3
full, 3
oldwoundsnj, 3
originalfunko, 3
vfx, 3
30-minute, 3
spurts, 3
weaponised, 3
adembskibowden, 3
set, 3
fuck, 3
value, 3
seriâ€¦, 3
loved, 3
3d-printed, 3
mom, 3
finally, 3
obeyswpr, 3
dad, 3
3d, 3
dark, 3
dixonshuman, 3
interest, 3
indie, 2
wish, 2
idk, 2
die, 2
mother, 2
maverick4201889, 2
left, 2
lovely, 2
marta, 2
kristen, 2
sixties, 2
woman, 2
several, 2
oâ€¦, 2
tordotcom, 2
//t.co/vc8d0tgdo9, 2
//t.co/ruâ€¦, 2
kids, 2
second, 2
went, 2
deep, 2
//t.co/awizkxroka, 2
coming, 2
//t.co/nystbetrot, 2
captzaff007, 2
godhatesgeeks, 2
meanderingâ€¦â€¦, 2
future, 2
found, 2
lâ€¦, 2
save, 2
horrible, 2
soon, 2
digging, 2
idea, 2
adventure, 2
google, 2
speakers, 2
variety, 2
morgan_swain, 2
hated, 2
familiar, 2
clearly, 2
xd, 2
glad, 2
feeling, 2
//t.co/rc2taba8tc, 2
its_jacksontime, 2
ok., 2
looked, 2
since, 2
instead, 2
making, 2
matt, 2
single, 2
removed, 2
annoyed, 2
without, 2
predictable, 2
huge, 2
//t.co/payarhoefk, 2
//t.co/jfd1ds3rk8, 2
different, 2
theâ€¦, 2
inversedotcom, 2
fans, 2
ya, 2
tvtimeâ€¦, 2
age, 2
considering, 2
knew, 2
wig, 2
ago, 2
sad, 2
thunk, 2
wars, 2
producers, 2
copy, 2
battlestar, 2
galactica, 2
//t.co/zii3kw2vxq, 2
lostinspace2018, 2
binging, 2
incredible, 2
year, 2
earth, 2
came, 2
//t.co/0ci2vabmfs, 2
able, 2
wrong, 2
af, 2
machine, 2
monsâ€¦, 2
child, 2
8/10, 2
said, 2
compelling, 2
fear, 2
excited, 2
stick2thestory, 2
casting, 2
seat, 2
intensity, 2
plus, 2
may, 2
wan, 2
damn, 2
system, 2
school, 2
bitches, 2
ass, 2
problems, 2
working, 2
recent, 2
feelings, 2
tell, 2
drinking, 2
smoking, 2
shot, 2
hit, 2
blunt, 2
guess, 2
okay, 2
soundtrack, 2
writing, 2
maxwelljenkins8, 2
except, 2
villain, 2
whmpodcast, 2
theatres, 2
mere, 2
weeks, 2
11th, 2
birthday, 2
putting, 2
transmission, 2
bâ€¦, 2
liking, 2
acting, 2
many, 2
seasons, 2
three, 2
absolute, 2
daughter, 2
altered, 2
carbon, 2
episâ€¦, 2
attached, 2
anyways, 2
marry, 2
turned, 2
//t.co/xbhf3ktrm4, 2
5, 2
entire, 2
hella, 2
final, 2
nidasecond, 2
searching, 2
colorized, 2
//t.co/rwsex7yigz, 2
figure, 2
iby0954, 2
leaving, 2
â˜…â˜…â˜…â˜…â˜…â˜…â˜…â˜†â˜†â˜†, 2
ğŸ¤”, 2
dope, 2
ğŸ‘ŒğŸ», 2
8.5/10, 2
interesting, 2
itâ€¦, 2
genre, 2
written, 2
assuming, 2
smart, 2
times, 2
could, 2
enjoy, 2
stream, 2
kindâ€¦, 2
hey, 2
askfunko, 2
jeffreykafer, 2
toby, 2
stephens, 2
1x04, 2
hang, 2
boo, 2
ğŸ™„ğŸ™„ğŸ™„ğŸ˜‚, 2
vk_hm, 2
bestâ€¦, 2
parentsâ€¦, 2
nostalgia, 2
even, 2
changes, 2
screen, 2
gt, 2
netflixlat, 2
role, 2
ğŸ‘Œ, 2
five, 2
pops, 2
spoilers, 2
camiseta, 2
ops, 2
cat, 2
//t.co/6xx6eipsti, 2
//t.co/820nqorjrv, 2
//t.co/pnsekiuwy1, 2
binged, 2
juan_montague, 2
names, 2
divorced, 2
trajectory, 2
together, 2
1x09, 2
resurrection, 2
come, 2
shypixie76, 2
onelovlygoddess, 2
starfirerobins, 2
stolen, 2
//t.co/immwt6fbmu, 2
whatever, 2
ğŸ˜­ğŸ˜­ğŸ˜­, 2
s2, 2
inside, 2
ritual, 2
1922, 2
fact, 2
thoughts, 2
ad, 2
played, 2
event, 2
horizon, 2
1997, 2
honestly, 2
christ, 2
nobody, 2
colonist, 2
kinda, 2
free, 2
rrreynoldsbooks, 2
//t.co/klkzqbwwfr, 2
print, 2
weapons, 2
guns, 2
house, 2
ğŸ™„ğŸ™„ğŸ™„, 2
meet, 2
latest, 2
//t.co/gsr3cuvuqs, 2
feet, 2
excellent, 2
//t.co/rciwakuuft, 1
//t.co/hmzf7lwmky, 1
painful, 1
death, 1
stand, 1
comâ€¦, 1
//t.co/gdkn4hsktf, 1
//t.co/5vnsqxdfal, 1
//t.co/mp7io3f9xb, 1
heavymetalred, 1
19sx67, 1
//t.co/unruwygrjs, 1
aspire, 1
intelligence, 1
mesmerizingğŸ˜ğŸ˜ğŸ˜, 1
similarities, 1
things.., 1
young, 1
boys, 1
naâ€¦, 1
//t.co/lkqsw9k4hg, 1
//t.co/bzq0mihr3f, 1
//t.co/iybyluu8xt, 1
//t.co/v4ubiqfse9, 1
psycho, 1
1x03, 1
//t.co/bdn1l5aeeb, 1
stress, 1
nothing, 1
//t.co/acgvwzpm50, 1
//t.co/xrdlpnxubc, 1
ğŸ˜£, 1
//t.co/6j51j6bpt2, 1
//t.co/bstqcrqv8p, 1
snakey, 1
nut, 1
thinks, 1
create, 1
tension, 1
//t.co/nttjmigdf7, 1
*spoilers, 1
space*, 1
//t.co/5ind6lrpg8, 1
//t.co/df55wbqvc7, 1
//t.co/6xxls6q7dl, 1
//t.co/chbloendup, 1
//t.co/obw2tsuaj9, 1
impossible, 1
//t.co/yv9is5u4k3, 1
//t.co/j8ke5bgobw, 1
heartbreaking, 1
ğŸ˜­, 1
//t.co/cxirvmajyl, 1
//t.co/im8qgql5df, 1
//t.co/z1zz0h4naq, 1
//t.co/wmzm2rxete, 1
ugh, 1
annoy, 1
//t.co/ztykezambd, 1
definition, 1
separate, 1
thomas, 1
videos, 1
glee, 1
thinkâ€¦, 1
//t.co/rikrlt8ycr, 1
//t.co/azn8efey3q, 1
//t.co/wlqgvb0t0x, 1
sponsored, 1
oreos, 1
millions, 1
parsecs, 1
broughâ€¦, 1
//t.co/jarwxatux7, 1
//t.co/i1p7hsek9c, 1
//t.co/tde3ytdbio, 1
//t.co/6o5k0o477c, 1
//t.co/u9upjj3ehq, 1
//t.co/vvqdfly6wl, 1
dowiesmite, 1
nsternloff, 1
yo, 1
wonder, 1
goo-ooh, 1
//t.co/vvdf3jwguz, 1
coward, 1
assumed, 1
week, 1
mhm, 1
binch, 1
//, 1
months, 1
27, 1
//t.co/6xbgzaeypn, 1
becausescience, 1
cover, 1
//t.co/lxdstwhnqz, 1
feelâ€¦, 1
empty, 1
insideâ€¦, 1
familyâ€¦, 1
robotâ€¦, 1
hatred, 1
gregfuckingrip, 1
thekot4q, 1
thrones, 1
magicians, 1
away, 1
murder, 1
rachelz971, 1
tonycolombo971, 1
ahh, 1
nooooooo, 1
youngest, 1
father/son, 1
mention, 1
imagine, 1
theater, 1
membeâ€¦, 1
//t.co/if1skyj09x, 1
//t.co/8w3hmkzbfz, 1
//t.co/sfmdh2mmtx, 1
tayrrussell, 1
taylor, 1
spaceğŸ¥, 1
doneâ˜¹ï¸ğŸ˜âœ…, 1
bruh, 1
lucyfearonx, 1
//t.co/s53hsnmjld, 1
geth, 1
somehow, 1
ended, 1
//t.co/obmtlhczkn, 1
diegofriasdelv, 1
comic, 1
pages, 1
makecomics, 1
makingcomics, 1
characterdesign, 1
comicchileno, 1
sketch, 1
sketchbook, 1
cccl2018, 1
dibuâ€¦, 1
//t.co/tg3jiy24tc, 1
//t.co/p2hhiawavp, 1
changer, 1
figured, 1
canti, 1
flcl-it, 1
faceâ€¦, 1
//t.co/jpvzvbbxp0, 1
ruin, 1
pleasant, 1
memories, 1
cold, 1
â„ï¸, 1
//t.co/zjp4boipnb, 1
heimplanet, 1
tent, 1
gotâ€¦, 1
//t.co/rdq7mnjtmc, 1
tried, 1
whoever, 1
directed, 1
experienced, 1
winter, 1
shâ€¦, 1
//t.co/ftpif4y3ha, 1
//t.co/rsgrchxin0, 1
squeeze, 1
rest, 1
along, 1
..but, 1
pooped, 1
aâ€¦, 1
//t.co/8zqukz2usi, 1
issa, 1
snack, 1
chose, 1
ape, 1
title, 1
air, 1
jcburcham, 1
bioware, 1
obviously, 1
kidding, 1
//t.co/phnhkadfvz, 1
mahoundparadise, 1
steveskojec, 1
tweeted, 1
exceâ€¦, 1
//t.co/iyzkh29fdi, 1
mistake, 1
director, 1
particular, 1
remaâ€¦, 1
//t.co/0bpwkvls0j, 1
//t.co/ybspaktzjm, 1
finish, 1
bothered, 1
bunch, 1
//t.co/â€¦, 1
toys, 1
//t.co/qaxy9rkged, 1
ryanclassic, 1
quit, 1
beth, 1
died, 1
spaceğŸ˜›, 1
s01, 1
1080p, 1
720p, 1
web, 1
x264, 1
//t.co/jf0i7jwryx, 1
//t.co/burypnbabf, 1
directordan86, 1
le, 1
blanc, 1
in.., 1
*le, 1
sigh*, 1
//t.co/6vnszc9wa9, 1
makeup, 1
nice, 1
hahahahaha, 1
fml, 1
//t.co/a5smt65qfd, 1
//t.co/twvpphbshc, 1
20, 1
moved, 1
emoted, 1
andâ€¦, 1
//t.co/kqsnz6mfce, 1
edited, 1
completely, 1
brkhanich, 1
xiotex, 1
re-boot, 1
wasâ€¦, 1
ğŸ”¥ğŸ”¥ğŸŒŒ, 1
often, 1
ridiculously, 1
kitâ€¦, 1
//t.co/huep3ac8mz, 1
1x06, 1
//t.co/dtwb92x5oi, 1
sell, 1
fan, 1
reruns, 1
origâ€¦, 1
//t.co/gvrt799iyq, 1
feel, 1
sob, 1
six, 1
tonially, 1
//t.co/ek6oknfwkp, 1
rme76, 1
//t.co/zhfhkxfe0v, 1
rationalmale, 1
daddy_warpig, 1
example, 1
franchisâ€¦, 1
darius_wg, 1
ah, 1
window, 1
moon, 1
..and, 1
alguien, 1
vio, 1
loki, 1
stan, 1
//t.co/foscbbkwug, 1
hi, 1
digital, 1
holiday, 1
nuber, 1
contender, 1
//t.co/z5holwtnmd, 1
//t.co/u3gg83thzo, 1
//t.co/jpcuwvimdg, 1
//t.co/0fg39sbdjp, 1
kellytindall, 1
hearing, 1
//t.co/zgixdrxeox, 1
//t.co/fchnnyv7ql, 1
updated, 1
vision, 1
netflix., 1
1ğŸ‘Œ, 1
watchiâ€¦, 1
//t.co/7xtxqvntok, 1
ğŸ“º, 1
chi, 1
bolwonder, 1
cheapyxo, 1
doin, 1
traveling, 1
light, 1
speed, 1
ğŸ˜«, 1
eill, 1
robinson.., 1
actor, 1
chickâ€¦, 1
//t.co/t7gulykik0, 1
//t.co/lkqenixwbq, 1
oreo, 1
product, 1
placement, 1
ridiculous, 1
shove, 1
eggos, 1
//t.co/xvmdxfsx8t, 1
//t.co/qxgvqly66h, 1
//t.co/bh5rx6tmeb, 1
heard, 1
month, 1
hooked, 1
counting, 1
till, 1
potential, 1
needs, 1
//t.co/loiyzvbbwx, 1
//t.co/ykptezly14, 1
//t.co/xwuvrat4gk, 1
//t.co/pjboaiy1cf, 1
//t.co/4nubdbiq64, 1
//t.co/voxrh22zt8, 1
anything, 1
actresses, 1
parkâ€¦, 1
//t.co/8wixryno74, 1
//t.co/6irkpek0rr, 1
//t.co/e6xcbrumrs, 1
//t.co/gab5gvs4o0, 1
coffeenoa, 1
startin, 1
cus, 1
dont, 1
pissed, 1
ğŸ˜’, 1
//t.co/gfucbeiens, 1
//t.co/vrxwwzecddâ€¦, 1
//t.co/kjcqqgf6us, 1
spaceğŸ™ŠğŸ’«, 1
creating, 1
antagonist, 1
cant, 1
ğŸ¤£, 1
annoying, 1
swear, 1
//t.co/jktva7yvgl, 1
jasminejade2x, 1
gap, 1
12, 1
//t.co/1yighqagfh, 1
close, 1
thorâ€¦, 1
//t.co/hh1pn0plst, 1
visibility, 1
zero, 1
mayday, 1
bucket, 1
//t.co/y1gmieu1og, 1
narcos, 1
//t.co/mdnrlpsv6i, 1
//t.co/dg7j85zh1e, 1
understand, 1
//t.co/ycbvomyub1, 1
//t.co/bnafugafjm, 1
dramatize, 1
maybeâ€¦, 1
//t.co/ujuhvtdgpp, 1
shook, 1
voxdotcom, 1
rights, 1
//t.co/iq59lyfdct, 1
billyleclair, 1
usually, 1
sci-if, 1
wait.., 1
dare, 1
derive, 1
enjoyment, 1
something, 1
didnt, 1
machinâ€¦, 1
//t.co/ih3xozchmx, 1
chilling, 1
//t.co/mrwa3e7ipa, 1
daraghquinn, 1
spacâ€¦, 1
30, 1
chosen, 1
//t.co/e59bvrn5gf, 1
stevesebelius, 1
countless, 1
danielsoden, 1
195, 1
trek, 1
//t.co/dcw4luzrrz, 1
planetoftheweb, 1
l0ulaa, 1
cousin, 1
boyfriend, 1
worked, 1
gr9, 1
reviews, 1
bottle, 1
lagavulin, 1
//t.co/dspcoyxb9k, 1
//t.co/lfwmgl4oja, 1
//t.co/tct8axaryn, 1
//t.co/cbnkgusgaf, 1
//t.co/sluwzyv0ge, 1
//t.co/ijorlkfrys, 1
//t.co/vomm00cq7y, 1
//t.co/65mra1nkci, 1
vibes, 1
titan, 1
ae, 1
drej, 1
enemies, 1
bot, 1
//t.co/w0pzk1p8wz, 1
oneâ€¦, 1
//t.co/amcw4wbxcb, 1
storylines, 1
watchable, 1
you'reâ€¦, 1
//t.co/rbtkmr6tgv, 1
ğŸ¤˜ğŸ˜³ğŸ¤˜, 1
biggest, 1
turns, 1
stressedâ€¦, 1
//t.co/nak1hsi2as, 1
mcgd, 1
least, 1
beâ€¦, 1
//t.co/hzzbnzw6js, 1
daaaaamn, 1
clockworkdj, 1
solar, 1
magic, 1
bus, 1
//t.co/abek56vout, 1
//t.co/wk79ydhjwe, 1
//t.co/rqz4dhwckf, 1
beat, 1
dr.smith, 1
ğŸ¤”ğŸ™„, 1
thinking, 1
conâ€¦, 1
//t.co/fsdncvnvw6, 1
truth, 1
handle, 1
//t.co/kzng8wfs1d, 1
sound, 1
mixing, 1
insanely, 1
loud, 1
action, 1
sounds, 1
likeâ€¦, 1
//t.co/smz3uhbxzn, 1
//t.co/yghruixwgp, 1
//t.co/wpjkqiyk6o, 1
update, 1
fetishised, 1
nerves, 1
lmao, 1
goes, 1
boredom, 1
//t.co/nyc0x5fbrg, 1
yahooent, 1
//t.co/v08rwboo1a, 1
//t.co/pugdhw0ibs, 1
thatbritrhino, 1
supposed, 1
sort, 1
mncircus, 1
circus, 1
ring, 1
outer, 1
//t.co/ac54gdrihr, 1
depth, 1
whatsoever, 1
0â€¦, 1
//t.co/e516ri98sa, 1
grabbing, 1
angel, 1
meâ€¦, 1
//t.co/p1umtvjhot, 1
//t.co/keabjors4i, 1
//t.co/0jbvofmm29, 1
paulrich1138, 1
vincenzo_natali, 1
//t.co/y01wurbfi8, 1
crawling, 1
face, 1
insects, 1
human, 1
race, 1
meaning, 1
yayahan, 1
ğŸ”ğŸ‘¨ğŸ½â€ğŸš€, 1
ğŸ‘, 1
btw, 1
occasional, 1
shonky, 1
aside, 1
themollyparker, 1
guys, 1
koqonada, 1
relationship, 1
weak, 1
sleep, 1
coz, 1
thisğŸ˜¢ğŸ˜¢, 1
overstated, 1
practical, 1
effects, 1
cgi, 1
ğŸ‘ğŸ½ğŸ‘ğŸ½ğŸ‘ğŸ½, 1
mac, 1
stormofspoilers, 1
occurred, 1
blarp, 1
//t.co/ch3pkuc0kp, 1
//t.co/tyhoeuy5j8, 1
mean, 1
flick, 1
//t.co/frawteeuk1, 1
ğŸ”¥ğŸ”¥ğŸ”¥, 1
dammit, 1
gone, 1
noooo, 1
//t.co/4ex0nzaba8, 1
aright, 1
country, 1
truly, 1
ğŸ‘½ğŸ‘½ğŸ‘½, 1
//t.co/wplmbk20gw, 1
vonstrenginho, 1
fraudolento_, 1
_zeets, 1
bobbyfaghihi, 1
waynefarry, 1
busy, 1
ugroyal, 1
//t.co/qc9tklr5sl, 1
netflix_ca, 1
quick, 1
sandeeppgill, 1
sherlock, 1
holmes, 1
ozark, 1
mindhunter, 1
updates, 1
toronto, 1
//t.co/uc3d6mhkri, 1
excellenâ€¦, 1
//t.co/o3ohwe0cxi, 1
reimaged, 1
exciting, 1
imaginative, 1
//t.co/b8vh9kfsh6, 1
representative, 1
wondering, 1
whether, 1
it'sâ€¦, 1
//t.co/2u2hlchcke, 1
//t.co/aq8doqctzs, 1
//t.co/fwnepakfes, 1
epsiode, 1
freakin, 1
bastard, 1
killed, 1
alright, 1
shall, 1
ratings, 1
//t.co/2puus99pkh, 1
3.6/5, 1
stars, 1
seen.., 1
//t.co/e9y0rgsbol, 1
//t.co/ew8aufm5gu, 1
contact, 1
diferent, 1
anybody, 1
everâ€¦, 1
//t.co/n6ovdasmej, 1
saying, 1
//t.co/f5asd14qh1, 1
official, 1
trailer, 1
hd, 1
//t.co/1aqqaqyaur, 1
//t.co/cznvihkx4p, 1
//t.co/virunvqojq, 1
guardando, 1
8.58/10, 1
//t.co/ahyfaamss6, 1
//t.co/0u0kdxzkoa, 1
lnels, 1
gentle, 1
uhhhh, 1
9.02/10, 1
mois, 1
13, 1
jours, 1
heures, 1
//t.co/sifu0xendg, 1
suffered, 1
disaster, 1
ğŸ™„, 1
lewmackenzie, 1
apple, 1
mtmhundo, 1
iphonex, 1
4k, 1
5k, 1
fuckyou, 1
payme, 1
pues, 1
las, 1
opciones, 1
knightfall, 1
handia, 1
continuar, 1
acabar, 1
kingdom, 1
winchester, 1
empezarâ€¦, 1
//t.co/4tfsaxx5kp, 1
dougwhitephd, 1
flights, 1
sfo, 1
clt, 1
pvd, 1
assessment, 1
dan_fifield, 1
em, 1
ish, 1
â¤ï¸, 1
happened, 1
humans, 1
//t.co/jfdpuefmyd, 1
muuuupet, 1
//t.co/vqa0q0xszu, 1
//t.co/9hmqlan3c4, 1
question, 1
type, 1
podcasts, 1
//t.co/uqyuvomdlh, 1
predator, 1
creature, 1
lagoon, 1
currently, 1
raven, 1
//t.co/10scdmkdfl, 1
stupidpam, 1
credits, 1
ep, 1
kateleth, 1
cowritten, 1
niiiice, 1
ratio, 1
ğŸ‘ŒğŸ‘ŒğŸ‘Œâ€¦, 1
_jchr5667_, 1
guidofawkes, 1
netflixisajoke, 1
dick, 1
drawing, 1
documentary, 1
misfits, 1
keeps, 1
seriescam, 1
dude, 1
sawyer, 1
kate, 1
jack, 1
recognize, 1
spin-off, 1
tesla, 1
roadster, 1
allgonequite, 1
//t.co/1xjqojbl6k, 1
bbcocobear, 1
//t.co/kncklesxxu, 1
ğŸ¤«, 1
badass, 1
female, 1
including, 1
faâ€¦, 1
//t.co/xebhb3kiyx, 1
brilliant, 1
disliked, 1
television, 1
seemed, 1
bumâ€¦, 1
//t.co/2ikavthcoi, 1
explain, 1
weird, 1
brillğŸš€, 1
.not, 1
science, 1
nowplaying, 1
kexp, 1
matters, 1
vol, 1
610, 1
//t.co/jmn2aqgrid, 1
22:00, 1
survive, 1
strange, 1
orbits, 1
somoza1â€¦, 1
//t.co/4dm016btsk, 1
brings, 1
morgan, 1
fairchild, 1
prettâ€¦, 1
//t.co/bvqrv6q4xv, 1
bjshea, 1
rub, 1
danny, 1
theaters, 1
knocked, 1
titanic, 1
//t.co/5izxyxyckw, 1
el, 1
//t.co/s31zrcyrv3, 1
dochackenbush, 1
recovery, 1
forgive, 1
lapse, 1
//t.co/pp1momckst, 1
based, 1
substantially, 1
legion, 1
me:3, 1
//t.co/eamzaqios9, 1
//t.co/dwqojtn34v, 1
posts, 1
screencap, 1
remember, 1
thicc, 1
legends, 1
raadst, 1
//t.co/ev094mxwgi, 1
shlorox, 1
selma, 1
blair, 1
appeared, 1
rachelheine, 1
cry, 1
//t.co/2kpyx2ozqi, 1
forgot, 1
watâ€¦, 1
//t.co/beegnpp3w7, 1
drove, 1
tears, 1
crap, 1
connection, 1
humanity, 1
witâ€¦, 1
//t.co/hbp8pnnmqs, 1
naomi_tsnmi, 1
hisâ€¦, 1
//t.co/apmvnrb7iw, 1
news, 1
soooooooo, 1
continuity, 1
errors, 1
plot, 1
//t.co/cmpn1i1pi8, 1
basedchikops4, 1
lau, 1
vient, 1
juste, 1
regarder, 1
//t.co/bm2tapuhtq, 1
//t.co/xyqck7gl7m, 1
jskylerinc, 1
leblanc, 1
.a, 1
forward, 1
dislike, 1
//t.co/vynf5nmjgz, 1
//t.co/1dztym8lkw, 1
//t.co/g8gqxmiz0x, 1
//t.co/gjp0u0eqoz, 1
//t.co/myuwnxtpqc, 1
robkroese, 1
minor, 1
alert, 1
stuck, 1
radiâ€¦, 1
//t.co/yoweifqnmp, 1
//t.co/jxkgd00dpe, 1
impressed, 1
superb, 1
costume, 1
insanâ€¦, 1
//t.co/amheu4eyqn, 1
//t.co/y7o8foiw1t, 1
//t.co/bvkg3b4rqj, 1
minis, 1
dorbz, 1
breakdown, 1
reel, 1
image, 1
engine, 1
vimeo, 1
//t.co/an77ciwi0d, 1
â˜…â˜…â˜…â˜…â˜…â˜…â˜…â˜…â˜…â˜…, 1
//t.co/7rkpf4aglj, 1
//t.co/0ol3dxdoid, 1
//t.co/xehf54qlsf, 1
huh, 1
notice, 1
twitter, 1
pic, 1
//t.co/dvfdcetebh, 1
tim, 1
hortons, 1
//t.co/yoi68qtenb, 1
â˜…â˜…â˜…â˜…â˜…â˜…â˜†â˜†â˜†â˜†, 1
//t.co/g47fgmfdjp, 1
//t.co/tonlggk4y7, 1
//t.co/13eyi8lzos, 1
parâ€¦, 1
//t.co/bacsguy9r1, 1
5s, 1
ğŸ˜‚ğŸ˜‚ğŸ˜‚, 1
wackğŸ‘, 1
penny, 1
maureen, 1
perfection, 1
â™¥ï¸, 1
massive, 1
trip, 1
dvminique, 1
ğŸ‘€, 1
ready, 1
//t.co/hp9v1ef6ve, 1
//t.co/ib0v0tl6sv, 1
ideas, 1
//t.co/rlvrmdfwkc, 1
//t.co/fzhsg1xp1s, 1
its2scoops, 1
tight, 1
//t.co/voqaoqq1he, 1
//t.co/xvplstv2xz, 1
//t.co/wsgaznmppd, 1
sennydreadful, 1
preferred, 1
order, 1
bruscot80, 1
rupaulsdragrace, 1
fancy, 1
friends, 1
box, 1
underwhelming, 1
ğŸ˜©, 1
kurtlong, 1
suppose, 1
//t.co/tgoltxigby, 1
//t.co/y8goqwk5w5, 1
matpatgt, 1
theory, 1
c, 1
bien, 1
5parkyy, 1
//t.co/f3kl4wmyjq, 1
productâ€¦, 1
//t.co/zfapes33cr, 1
s1e4, 1
//t.co/ta0buykp6e, 1
.pretty, 1
lt, 1
mchawk, 1
predicting, 1
beats, 1
happen, 1
yepâ€¦, 1
//t.co/d9ygu8xfuc, 1
//t.co/vr7kjzdcpd, 1
mariajosevr_, 1
met, 1
fargo, 1
suits, 1
billions, 1
etc, 1
//t.co/mbixikrvjr, 1
//t.co/u1eonylktj, 1
//t.co/pgftcj8hhj, 1
wireâ€¦, 1
//t.co/mu8xnvfwdh, 1
iamlaceychabert, 1
crush, 1
//t.co/meha9s8lce, 1
//t.co/bzyzk4qv8s, 1
david, 1
griffin, 1
retweet, 1
legendary, 1
switch-n-go, 1
playset, 1
cancelled, 1
//t.co/laomp28ivo, 1
kid.., 1
asshole, 1
play, 1
7/10, 1
//t.co/scl4rdmcxi, 1
estoy, 1
viendo, 1
//t.co/vkjwmrlmzq, 1
adventures, 1
bundled, 1
volumen, 1
read, 1
inâ€¦, 1
//t.co/yox6xtisxz, 1
//t.co/cxv4nudaan, 1
//t.co/q0qwowi7ye, 1
//t.co/u4ncqw4pxi, 1
post, 1
blog, 1
skaâ€¦, 1
//t.co/abvfdsrheu, 1
//t.co/csp7soakru, 1
//t.co/ie8onsnvch, 1
//t.co/px26f7syo3, 1
//t.co/ufbbn3agea, 1
//t.co/rxh2rwxhte, 1
100, 1
//t.co/uv0apxedye, 1
quero, 1
tanto, 1
que, 1
comece, 1
fabricar, 1
merchandise, 1
thread, 1
//t.co/ygs67qfikv, 1
brought, 1
thegabbieshow, 1
irrational, 1
adding, 1
west, 1
list, 1
crushes, 1
sarcastic, 1
babe, 1
//t.co/0jxhlxydhc, 1
bestğŸ˜­ğŸ’š, 1
dk, 1
wether, 1
riverdale, 1
//t.co/5yl7pqbaah, 1
//t.co/rm2kzjkurw, 1
//t.co/7mthdmo4nv, 1
//t.co/k4uqawcnyj, 1
sails, 1
redlianak, 1
include, 1
tweet, 1
andromeda, 1
running, 1
suggestions, 1
flavor, 1
dear, 1
loveâ€¦, 1
//t.co/azoam2utoj, 1
//t.co/htjjt2w1yz, 1
//t.co/x15xhhftgv, 1
oddly, 1
didâ€¦, 1
//t.co/lcirvedvz7, 1
//t.co/ow8lp1giex, 1
writer, 1
reveals, 1
location, 1
'goldilocks, 1
yeahyeahyasmin, 1
//t.co/hfgrqbru6n, 1
1x08, 1
â˜…â˜…â˜…â˜…â˜…â˜…â˜…â˜…â˜†â˜†, 1
//t.co/ea0pdvoniz, 1
cer_vine, 1
w, 1
11yo, 1
soulbonded, 1
deal, 1
ptsd, 1
dying, 1
wholesome, 1
logicalbio, 1
aw, 1
so.bad, 1
samanthakelly69, 1
nerds, 1
stick, 1
ğŸ˜, 1
//t.co/tdwk82clcv, 1
//t.co/zsfvuugljy, 1
the_trump_train, 1
//t.co/vufva0m6ye, 1
//t.co/gjpc42jdkc, 1
//t.co/r6s6dcsrvf, 1
//t.co/wr2dbllq3w, 1
jessiewolfexoxo, 1
dawson, 1
creek, 1
muppets, 1
kath, 1
cakes, 1
//t.co/wghtlaedn0, 1
fiveboos, 1
ğŸ‘€ğŸ‘€ğŸ‘€ğŸ‘€, 1
bear, 1
walker, 1
crafts, 1
space'-inspired, 1
//t.co/jmy3wo4hww, 1
gif, 1
tagged, 1
dance, 1
happy, 1
education, 1
microsoft, 1
astronaut, 1
float, 1
edtech, 1
halp, 1
seâ€¦, 1
//t.co/adiuklc5jb, 1
plugged, 1
phone, 1
coffee, 1
//t.co/m3uwoyg80m, 1
trillion, 1
expected, 1
thanks, 1
jonglntae, 1
wtf, 1
friendship, 1
cutest, 1
stararm_shield, 1
//t.co/bla98esrmy, 1
//t.co/9wy0xklzzw, 1
kept, 1
scotteweinberg, 1
firefly, 1
bullshit, 1
lol, 1
mandy, 1
xx, 1
finishing, 1
third, 1
//t.co/yxnhbvv3du, 1
donsjudy, 1
imma, 1
mp3, 1
albums, 1
releases, 1
soundtracks, 1
lennertzâ€¦, 1
//t.co/i6was0xvs0, 1
//t.co/bzw7yk83gx, 1
//t.co/7em4vumb1a, 1
//t.co/qqdkoec8t6, 1
//t.co/wriwhrkuny, 1
//t.co/hdhkib2i2d, 1
//t.co/qbrh7ijjkb, 1
steemit, 1
//t.co/enhgtv9hqn, 1
sweet, 1
ui, 1
artist, 1
d-parc, 1
_bruwilliam, 1
graphics, 1
câ€¦, 1
//t.co/0p2yzgyv61, 1
nah, 1
breakdowns, 1
//t.co/dzp6dqpxff, 1
nigga, 1
fw, 1
ğŸ‘ğŸ¾ğŸŒŒ, 1
//t.co/lojs7oixhd, 1
//t.co/cb8ygakwrl, 1
//t.co/br3wxil7ob, 1
//t.co/8xca0amt3m, 1
persevering, 1
testament, 1
strength, 1
//t.co/vyste6v9rc, 1
//t.co/cwwhak4r1j, 1
woke, 1
early, 1
sundays, 1
*i*, 1
wednesday, 1
nights, 1
aired, 1
//t.co/ftxss3nwnf, 1
//t.co/zemupj8a0n, 1
//t.co/nmyt9y4lmo, 1
//t.co/hmlf4dtbsh, 1
//t.co/auhydigsql, 1
firstpost, 1
discuss, 1
//t.co/rhgvpqo8q3, 1
//t.co/gqaqbexgnu, 1
//t.co/k3piq2x2na, 1
//t.co/20ek0gyuk8, 1
//t.co/ico1qkcdaw, 1
//t.co/g4sacj5s4k, 1
//t.co/oyv0nwh9bs, 1
//t.co/ciriyrwjxh, 1
//t.co/yegqjfjdvw, 1
keep, 1
open, 1
solely, 1
guyâ€¦, 1
//t.co/kcywclldjk, 1
sit, 1
everyonâ€¦, 1
//t.co/dderjav4uo, 1
concept, 1
serâ€¦, 1
//t.co/hv7v66vugk, 1
conclusion, 1
scientifically, 1
illiterate, 1
//t.co/hnr2f9wukg, 1
chums, 1
binge-watch, 1
post-lost, 1
s01e02, 1
//t.co/a4e0sughvq, 1
//t.co/evlrnwhp7r, 1
7th, 1
noted, 1
elsewhere, 1
pacing, 1
issue, 1
bogs, 1
buâ€¦, 1
//t.co/bvbbmdzvj3, 1
chefs, 1
table, 1
//t.co/q255fz3rhe, 1
//t.co/ojpnrizf4q, 1
//t.co/utwuyyl1tc, 1
//t.co/qoxhtfzhhv, 1
expanse, 1
sci, 1
fi, 1
rightâ€¦, 1
//t.co/li8xcldmvv, 1
blackear77, 1
scare, 1
likely, 1
follow, 1
//t.co/st62jcp1kq, 1
jam, 1
//t.co/dbxmjzmats, 1
everything, 1
sorta, 1
late, 1
u, 1
crying, 1
//t.co/zeni2e8jit, 1
//t.co/nbfcuwokwf, 1
ep6, 1
//t.co/o4bphodrhx, 1
330, 1
sense, 1
irony, 1
nadia_reinaa, 1
arianagrande, 1
snatched, 1
//t.co/mypaseviiq, 1
h*tğŸ˜³ğŸ˜³ğŸ‘€, 1
comes, 1
later, 1
//t.co/jmv0zqcdox, 1
adaptation, 1
ğŸ™ŒğŸ¼, 1
epbryn, 1
comfy, 1
bed, 1
vou, 1
bravo, 1
diyspacex, 1
nasa, 1
plan, 1
'galactic, 1
positioning, 1
astronauts, 1
/r/, 1
//t.co/2pswvlpagg, 1
moviekessler, 1
//t.co/wadeornka0, 1
//t.co/ff6jtppb68, 1
â™ª, 1
syncopix, 1
dnbradio, 1
//t.co/bep2bi4nmt, 1
general, 1
preferably, 1
consensus, 1
reweth, 1
haveâ€¦, 1
embarrassed, 1
streetwear, 1
//t.co/ceq4ksb3rp, 1
pewpewpewmalta, 1
//t.co/mdag3ftxcm, 1
kentgoldings, 1
moment, 1
talked, 1
eâ€¦, 1
//t.co/la5w0fp2ma, 1
maydaymindy9, 1
surprisingly, 1
exhausted, 1
oil_guns_merica, 1
dem_stefan, 1
bei, 1
netflixde, 1
loradenotter, 1
me-, 1
critics, 1
//t.co/00co2ct1zp, 1
//t.co/rjjyxv7kqs, 1
//t.co/urnaasa5ya, 1
shannara, 1
chronicles, 1
wicked, 1
bitlandgaming, 1
irwin, 1
allen, 1
though, 1
70'â€¦, 1
//t.co/iruouam0nx, 1
printed, 1
3dprinting, 1
//t.co/icfaj6a0mw, 1
//t.co/7rqdrgawnr, 1
wake, 1
around, 1
steve, 1
miller-, 1
serenâ€¦, 1
//t.co/udr5zletz1, 1
decided, 1
hour, 1
soâ€¦, 1
//t.co/1ezyh8okre, 1
rebooted, 1
promising, 1
ğŸ‘, 1
impact, 1
//t.co/apbmhebmam, 1
mitchellbizzay, 1
yoooo, 1
slides, 1
strongly, 1
suspect, 1
episodesâ€¦, 1
//t.co/bcabvu0fi9, 1
//t.co/em4xla1vcc, 1
//t.co/goy6todxlv, 1
//t.co/dclbcghdwk, 1
//t.co/fduuke5akh, 1
//t.co/jmldveaytn, 1
//t.co/vwepzdczqm, 1
picking, 1
committing, 1
sin, 1
room, 1
asâ€¦, 1
//t.co/9vcosrb0q6, 1
taconick, 1
assisti, 1
//t.co/wdmebeixg4, 1
//t.co/e4t98eauxl, 1
//t.co/300eplnsdw, 1
//t.co/7gka6ovdlw, 1
1997., 1
incredibly, 1
optimistic, 1
writers, 1
bobbyneil79, 1
paying, 1
bucks, 1
useless, 1
reboots, 1
timeâ€¦, 1
//t.co/khichsetbj, 1
avantasia, 1
//t.co/gamqaualjz, 1
//t.co/fhwidrtrqs, 1
niceâ€¦, 1
//t.co/7tnzkq9yvf, 1
//t.co/ogmw694tom, 1
//t.co/lhpoolxjre, 1
solid, 1
cause, 1
//t.co/l0o07uwrhl, 1
//t.co/dold5lrljt, 1
monarchmagpie, 1
skip, 1
worst, 1
spâ€¦, 1
//t.co/dtsnqhm5kb, 1
//t.co/aapozeqbcq, 1
1x05, 1
//t.co/bi5agjfnbn, 1
erase, 1
scared, 1
//t.co/sadddwoahk, 1
sooo, 1
camisetasops, 1
blast, 1
frm, 1
//t.co/1pgkiolv4p, 1
netflix-, 1
fuckin, 1
sunday, 1
binges, 1
troy, 1
killing, 1
eve, 1
scandal, 1
s7, 1
poseys, 1
//t.co/czro4vyury, 1
nickscifi, 1
inspriration, 1
//t.co/lrh1qb0ysi, 1
rachelcraves, 1
books, 1
reference, 1
ofâ€¦, 1
//t.co/ykoctqyw2t, 1
emperorotn, 1
letdown, 1
//t.â€¦, 1
originals, 1
films, 1
//t.co/lvg9ynsqri, 1
ğŸ“·, 1
tobystephensweekly, 1
john, 1
//t.co/07oiqjvp6h, 1
johnanealio, 1
godless, 1
amazon, 1
suck, 1
robbiethemute, 1
actors, 1
stories, 1
dialogue, 1
//t.co/1fbemsdclw, 1
kennaspecs, 1
normally, 1
hater, 1
mad, 1
grew, 1
/â€¦, 1
//t.co/856unjnfff, 1
jank0, 1
pm18, 1
bigmikeyocho, 1
checking, 1
hardcore, 1
ratâ€¦, 1
physically, 1
catch, 1
hands, 1
treat, 1
ğŸ˜‰, 1
//t.co/fyk59a0qod, 1
robbie, 1
jmkcomics, 1
always, 1
recall, 1
showed, 1
fuckla, 1
kill, 1
iron, 1
giant, 1
animal, 1
ryanqnorth, 1
displays, 1
meters, 1
readout, 1
anyway, 1
probablâ€¦, 1
straight-up, 1
says, 1
//t.co/ipoyqoppkq, 1
guiding, 1
matter, 1
magenta, 1
conquered, 1
brad, 1
asap, 1
sooooo, 1
reminds, 1
//t.co/ukjh4zcyfp, 1
//t.co/qtr3pccsld, 1
online, 1
//t.co/cshmzw8jpq, 1
//t.co/hf3snrqvmo, 1
stealthygeek, 1
notrumptweets, 1
sorry, 1
//t.co/r5x88f506w, 1
ending, 1
explained, 1
innit, 1
moments, 1
lights, 1
//t.co/gg9drrn6ti, 1
//t.co/npzsjpvlv7, 1
//t.co/9gpycnqb4d, 1
ho.e, 1
interviews, 1
chillaxing, 1
110, 1
livingston, 1
//t.co/mcxmylvm0t, 1
countdown, 1
1960s, 1
//t.co/81ru8v3bt9, 1
aussiemoose, 1
//t.co/tdj9kv5mdb, 1
//t.co/svyur7dtve, 1
//t.co/6kfy2oag96, 1
//t.co/siog6ak69c, 1
//t.co/6o7f0ddapb, 1
â¤, 1
dreadblades, 1
passengers, 1
scifi, 1
depressed, 1
finding, 1
//t.co/ukc7kitrs9, 1
//t.co/bqx56jopvw, 1
//t.co/7wyukmispv, 1
posted, 1
//t.co/kxcg3ykgo7, 1
//t.co/qaolasoxhi, 1
betaseries, 1
theramblerouser, 1
0, 1
awaâ€¦, 1
lolafaglana, 1
indeed, 1
//t.co/houwrxyzge, 1
//t.co/6ndwxyyccl, 1
//t.co/3sja9nf7d7, 1
probs, 1
ğŸ‘ğŸ»ğŸ‘ğŸ»ğŸ‘ğŸ», 1
entirely, 1
sold, 1
verdict, 1
couple, 1
mediocre, 1
minasundwall, 1
ğŸ˜€ğŸ˜€ğŸ˜, 1
roberttarango10, 1
horizon_slips, 1
older, 1
series/movie, 1
reboâ€¦, 1
//t.co/pr1easnow0, 1
golly, 1
sf, 1
caper, 1
cincinnati, 1
presents, 1
american, 1
soundscapes, 1
//t.co/0av8pj3gmq, 1
//t.co/bt4sljy1fd, 1
//t.co/e5lqi6v9xr, 1
owe, 1
starâ€¦, 1
//t.co/yrhwac9sfl, 1
plutoburns, 1
emily, 1
actuâ€¦, 1
//t.co/02trvu6fdh, 1
vampire_hunters, 1
emotionally, 1
anxiety, 1
depression, 1
tâ€¦, 1
//t.co/lsehrihoip, 1
//t.co/icejxlyzux, 1
ive, 1
spent, 1
regrets, 1
black-out, 1
poem, 1
patron, 1
poet, 1
elizabeth, 1
h., 1
beside, 1
thatâ€¦, 1
//t.co/ewbh4ysp6m, 1
djdjdj, 1
//t.co/dhrkcsn7qv, 1
//t.co/qbldsitmsb, 1
//t.co/xr7tyfwstx, 1
//t.co/uergporgu3, 1
original.., 1
er.., 1
space.., 1
justsaying, 1
pcgamer, 1
us, 1
//t.co/ktk4fnpmj5, 1
//t.co/cb5xhm0hav, 1
kind, 1
eeeeeeh, 1
aesthetics, 1
form, 1
