things, 791
stranger, 772
rt, 445
https, 311
joeybirlem, 127
3, 120
season, 96
2, 65
's, 59
watch, 58
â€™, 57
ready, 56
love, 56
episode, 53
days, 52
first, 48
elwes, 47
amp, 47
cary, 45
night, 43
hours, 43
house, 43
â”â”“, 42
â”ƒâ”ƒâ•±â•², 42
â”ƒâ•±â•±â•²â•², 42
â•±â•±â•­â•®â•²â•², 42
â–”â–â”—â”›â–•â–”, 42
â•±â–”â–”â–”â–”â–”â–”â–”â–”â–”â–”â•², 42
â•±â•±â”â”³â”“â•­â•®â”â”³â”“, 42
â•²â•², 42
â–”â–â”—â”»â”›â”ƒâ”ƒâ”—â”»â”›â–•, 42
stayed, 42
fell, 42
asleep, 42
sleep, 42
neveâ€¦, 42
cast, 38
netflix, 37
de, 37
like, 37
2016, 35
zaynpride, 34
77., 34
assiste, 34
busey, 33
jake, 32
``, 31
'', 30
ross, 27
duffer, 25
matt, 25
tim, 25
ives, 25
know, 23
strangerthings, 21
..., 21
cinemartistry, 21
directors, 21
shawn, 21
levy, 21
cinematographers, 21
tod, 21
campbell, 21
httpâ€¦, 21
mike, 19
stan, 18
please, 16
15, 16
20, 16
youtube, 16
video, 16
â€˜, 15
filming, 15
inspired, 15
whattheffacts, 15
rejected, 15
times, 15
different, 15
networks, 15
picked, 15
series, 14
game, 14
still, 14
1, 14
xxnicole, 14
inteiro, 14
//t.co/m6dpuf6jmw, 14
watching, 14
trying, 13
n't, 13
milliebbrown, 13
tâ€¦, 13
riverdale, 13
noahhcredito, 13
fandom, 13
quando, 13
sair, 13
//t.co/eyrunbrrwv, 13
open, 13
really, 12
new, 12
added, 12
watched, 12
sing, 12
ingridmusic, 12
record, 12
floss, 12
ialisyn, 12
hype, 12
af, 12
szn3, 12
rt/like, 12
friends, 12
active, 12
funny, 12
//t.â€¦, 12
gc, 11
ğŸ˜‚, 11
one, 11
na, 11
bevclub, 11
dms, 11
princess, 10
bride, 10
â€”, 10
two, 10
wait, 10
'stranger, 10
happened, 10
liked, 10
anyone, 10
looks, 10
kid, 10
13, 10
ğŸ’˜, 10
willing, 10
it/stranger, 10
must, 10
nameâ€¦, 10
ğŸ˜, 9
kinda, 9
glasses, 9
lmao, 9
reasons, 9
always, 9
walking, 9
dead, 9
lucas, 9
via, 9
preparing, 9
10, 9
brown, 9
fan, 9
going, 9
upsidedownfacts, 8
get, 8
eleven, 8
live, 8
us, 8
upside, 8
joining, 8
80sreddle, 8
notice, 8
kids, 8
make, 8
never, 8
bad, 8
rtyourlgbts, 8
byler, 8
//t.co/dbdsmgabjc, 8
adds, 8
hawkins_things, 8
strangerthings3, 8
e, 8
go, 8
thrones, 7
want, 7
time, 7
star, 7
starship, 7
trooper, 7
//t.co/gcâ€¦, 7
miss, 7
x, 7
look, 7
casts, 7
need, 7
mayor, 7
s2, 7
joyner, 7
chris, 7
world, 7
best, 6
mutuals, 6
-stranger, 6
've, 6
seen, 6
think, 6
place, 6
famous, 6
check, 6
breaking, 6
show, 6
far, 6
s3, 6
//t.co/1qy6tzefrc, 6
//t.co/zjvonkumia, 6
come, 6
strangertbr, 6
gaten, 6
caleb, 6
sadie, 6
durante, 6
painel, 6
expo, 6
dallas, 6
//t.co/ognwd5kr0h, 6
â€¦, 6
fc, 6
tv, 5
2., 5
getting, 5
back, 5
quiet, 5
ariana, 5
stuff, 5
life, 5
finally, 5
character, 5
see, 5
vs, 5
would, 5
away, 5
three, 5
happy, 5
join, 5
day, 5
denofgeek, 5
'm, 5
steve, 5
coming, 5
drop, 5
could, 5
hold, 5
map, 5
qanon, 5
talking, 5
dept, 5
energy, 5
period, 5
min, 5
groupchat, 5
5, 4
1., 4
top, 4
lol, 4
ca, 4
â€¢, 4
dustin, 4
dream, 4
hopper, 4
end, 4
btstvshows, 4
//t.co/lyca9rlekq, 4
theme, 4
today, 4
lit, 4
everything, 4
cody, 4
finished, 4
woman, 4
fucking, 4
people, 4
got, 4
hawkins, 4
details, 4
remember, 4
thatericalper, 4
next, 4
tom, 4
andâ€¦, 4
jimhalpert__, 4
//t.co/ethe2sm4jj, 4
popular, 4
real, 4
pops, 4
lost, 4
honestly, 4
say, 4
im, 4
lynseyclarke8, 4
nationaâ€¦, 4
oneperfectshot, 4
dp, 4
director, 4
shots, 4
//t.co/9gfeq8bvw9, 4
feel, 4
hey, 4
goal, 4
0, 4
barbara, 4
weekend, 4
3., 3
dark, 3
4., 3
-the, 3
everyone, 3
shows, 3
pretty, 3
goes, 3
welcome, 3
part, 3
ang, 3
'80s, 3
funko, 3
mgtxs, 3
nct, 3
crossoverğŸŒ™âœ¨, 3
ë§ˆí¬, 3
ëŸ°ì¥”, 3
ì œë…¸, 3
í•´ì°¬, 3
ì¬ë¯¼, 3
ì²œëŸ¬, 3
ì§€ì„±, 3
nctfanart, 3
nctdream, 3
//t.co/pprleyqh6c, 3
together, 3
'll, 3
play, 3
way, 3
diamundialdelabicicleta, 3
//t.co/dxw4rgou8j, 3
another, 3
remix, 3
christian, 3
askmenfess, 3
teaser, 3
happen, 3
black, 3
sherlock, 3
shirt, 3
full, 3
idea, 3
keep, 3
ok, 3
wan, 3
plus, 3
80s, 3
wish, 3
ko, 3
cant, 3
finn, 3
wolfhard, 3
ft., 3
onerepublic, 3
old, 3
well, 3
binge, 3
100, 3
even, 3
ew, 3
appoints, 3
//t.co/rmr1zehe0h, 3
wesley, 3
tvtime, 3
faces, 3
2018, 3
winona, 3
ryder, 3
arianagrande, 3
danger0usperson, 3
figuring, 3
cutest, 3
ğŸ™ˆğŸ˜­ğŸ’•, 3
//t.co/im210bnurn, 3
ng, 3
great, 3
stop, 3
adding, 3
cary_elwes, 3
son, 3
ask, 3
phone, 3
canceled, 3
//t.co/rezl3uxwrj, 3
marvel, 3
news, 3
favorite, 3
cjades, 3
hard, 3
miron, 3
2nd, 3
hbk, 3
dx, 3
clickhole, 3
historic, 3
loss, 3
bush, 3
horny, 3
passed, 3
atâ€¦, 3
needs, 3
thursday, 3
near, 3
lets, 3
ğŸ®oxenfree, 3
ğŸ®, 3
cute, 3
hi, 3
dm, 3
oh, 2
forgot, 2
loves, 2
5., 2
ground, 2
//t.co/ppemzvbxcv, 2
ğŸ˜‚ğŸ˜‚, 2
thing, 2
fight, 2
liars, 2
jacksonbuttsco, 2
begin, 2
jackson, 2
butts, 2
county, 2
gâ€¦, 2
hâ€¦, 2
worth, 2
home, 2
pop, 2
winstonsmith_jr, 2
patriots, 2
boys, 2
dig, 2
shaking, 2
santa, 2
clarita, 2
diet, 2
scream, 2
np, 2
app, 2
ashxxdmsolos, 2
colton, 2
haynes, 2
crystal, 2
reed, 2
bea, 2
miller, 2
6, 2
though, 2
myfavstrash, 2
//t.co/lnvsvwgfmn, 2
//t.co/uzmomlixyo, 2
already, 2
ted, 2
orange, 2
handmaid, 2
tale, 2
tie, 2
sense8, 2
ever, 2
11, 2
good, 2
made, 2
ad, 2
soon, 2
revengeotfans, 2
sees, 2
carey, 2
//t.co/xaofggghâ€¦, 2
memeproviding, 2
//t.co/lnpmdsmaur, 2
upon, 2
eeg213, 2
starting, 2
grassroots, 2
movement, 2
speegles-, 2
write, 2
room, 2
huffpost, 2
face, 2
//t.co/mnf9â€¦, 2
iï¸, 2
lisakozhy, 2
known, 2
zendaya, 2
josh, 2
david, 2
liza, 2
tina, 2
enya, 2
amazing, 2
question, 2
sabiotuite, 2
long, 2
maijunaid, 2
someone, 2
kygo, 2
bring, 2
u, 2
nw, 2
might, 2
gud, 2
trailer, 2
film, 2
called, 2
read, 2
crossover, 2
girls, 2
meets, 2
without, 2
baby, 2
joined, 2
kline, 2
el, 2
stranger_things, 2
characters, 2
actiongai, 2
//t.co/bkercswjwh, 2
fÂ°Â°tcreemuh, 2
interesting, 2
cnet, 2
s02e08, 2
//t.co/6ehpipcvvw, 2
11:11, 2
en, 2
joins, 2
gon, 2
nowplaying, 2
clean, 2
rock, 2
actor, 2
challenge, 2
familiar, 2
yo__gabba, 2
hasbro, 2
released, 2
edition, 2
board, 2
monopoly, 2
//t.co/avxviilxpm, 2
judge, 2
use, 2
actually, 2
playlist, 2
much, 2
gags, 2
prequel, 2
listen, 2
retweet, 2
netflixlifee, 2
fanexpocanada, 2
guestnews, 2
demogorgons, 2
joe_keery, 2
harrington, 2
fanexpocanada2018, 2
seriously, 2
//t.co/y5z14rvowb, 2
compilation, 2
american, 2
reason, 2
tame, 2
impala, 2
composed, 2
strange, 2
told, 2
yourboyart, 2
thejakebusey, 2
awesome, 2
faves, 2
millie, 2
hate, 2
stay, 2
poppoiis, 2
1|, 2
2|, 2
3|, 2
also, 2
office, 2
bob, 2
give, 2
enough, 2
icymi, 2
take, 2
something, 2
memes, 2
year, 2
starts, 2
ğŸ¥, 2
related, 2
comediaschool, 2
avalanche, 2
predsnhl, 2
nashville, 2
faith, 2
playing, 2
tell, 2
jonastydrawz, 2
filmstruck4, 2
spongeknob, 2
squarenuts, 2
porno, 2
porn, 2
parody, 2
avenger, 2
x-men, 2
xxx, 2
alex, 2
braunâ€¦, 2
enter, 2
bat, 2
1st, 2
scores, 2
pasaribu, 2
//t.co/vznkmcqj24, 2
kalosha, 2
chills, 2
//t.co/fyok9ihl7n, 2
milo, 2
xbox, 2
woke, 2
em, 2
âš¡ï¸, 2
talent, 2
//t.co/ynphequjpn, 2
yet, 2
mashable, 2
//t.co/k2bystxisp, 2
boys.., 2
tone, 2
oldthingsiwantback, 2
casting, 2
degrassi, 2
bitethecurb, 2
danny, 2
devito, 2
zedsarcade, 2
okay, 2
riosantosss, 2
kidnapped, 2
aliens, 2
name, 2
saturday, 2
deafinstitute, 2
anuna, 2
3-, 2
addicted, 2
immediately, 2
scary/horrifying, 2
following, 2
hiding, 2
grateful, 2
finnwolfland, 2
pero, 2
number, 2
imessage, 2
digimistake, 1
emma, 1
2017, 1
mindhunter, 1
narcos, 1
7, 1
80steenlashton, 1
-1d, 1
-5sos, 1
-tÃ¸p, 1
-p, 1
atd, 1
-all, 1
low, 1
1975, 1
-paraâ€¦, 1
2002kyline, 1
aarxn82, 1
hardest, 1
trash, 1
it'sâ€¦, 1
//t.co/iyop6m0gfe, 1
originals, 1
little, 1
santa.â€¦, 1
//t.co/yd7sfcgruh, 1
rickypdillon, 1
arianalgb, 1
ğŸ˜‚ğŸ’€, 1
woah, 1
saw, 1
woaaah, 1
thrill, 1
eâ€¦, 1
//t.co/aqgewkdoo4, 1
-we, 1
knew, 1
'd, 1
fall, 1
since, 1
met, 1
-deserve, 1
//t.co/xhyeamxwm2, 1
girlboss, 1
//t.co/ahototaeuq, 1
depressedelio, 1
leilah8syou, 1
sidneyallisonnn, 1
dailydot, 1
icons, 1
//t.co/y1qwxuablw, 1
//t.co/tya8bjgi7y, 1
weewooo, 1
424, 1
barnes, 1
noble, 1
exclusive, 1
funkopop, 1
//t.co/1ay5xnctwe, 1
//t.co/khpktp3u6k, 1
joyce, 1
-if, 1
eventually, 1
writers, 1
-literallâ€¦, 1
//t.co/qyrgief4cl, 1
syclocoyote, 1
loop, 1
whole, 1
fae_dark, 1
understand, 1
iran, 1
5:5â€¦, 1
gilology, 1
singing, 1
motown, 1
songs, 1
james, 1
corden, 1
ruin, 1
//t.co/fqlyja6bz2, 1
dug, 1
=ã€‹, 1
storm, 1
potus, 1
refering, 1
toâ€¦, 1
entire, 1
seasons, 1
enjoyed, 1
problem, 1
isâ€¦, 1
//t.co/qmizfzdqf5, 1
foileableh, 1
-fall, 1
boy, 1
-patrick, 1
stump, 1
-supernatural, 1
-memes, 1
example, 1
musâ€¦, 1
//t.co/vykls4xobs, 1
icon, 1
mungg0nikoi, 1
sucks, 1
unfortunate, 1
events, 1
13rw, 1
andresnvrr, 1
le, 1
hace, 1
un, 1
gangbang, 1
anal, 1
//t.co/lejub5mpiq, 1
song, 1
c418, 1
joynerlucas, 1
listenlive, 1
â¡ï¸, 1
//t.co/etfyirepl5, 1
//t.co/7idxmmlpat, 1
ano, 1
magandang, 1
unahin, 1
huhuğŸ˜­, 1
masonlemon, 1
optimistic, 1
realistically, 1
aaron, 1
carpenter, 1
//t.co/yfzmfnzhtc, 1
karen, 1
wheeler, 1
deserves, 1
better, 1
husband, 1
waste, 1
mother, 1
//t.co/gwhr4uex7w, 1
**explicit, 1
queer, 1
eye, 1
rick, 1
morty, 1
scorpion, 1
croâ€¦, 1
//t.co/uy2ozqmbuc, 1
teen, 1
wolf, 1
fear, 1
shannara, 1
siren, 1
queens, 1
â€”stranger, 1
thingsâ€”, 1
//t.co/9ulu7rvplg, 1
serie, 1
drama, 1
nominados, 1
seguros, 1
crown, 1
yâ€¦, 1
//t.co/aelv5xfkxv, 1
//t.co/y0axhhnmnl, 1
booth, 1
themed, 1
engineyard, 1
railsconf, 1
keynote, 1
//t.co/httbxsf0c3, 1
rcde, 1
stupid, 1
ugly, 1
gassed, 1
crmotwo, 1
spinal, 1
tap, 1
concert, 1
amphitheater, 1
guy, 1
said, 1
lucâ€¦, 1
era_fob, 1
fob, 1
font, 1
payoletter, 1
dubstep4dads, 1
living, 1
overseas, 1
brain, 1
obscure, 1
amerâ€¦, 1
//t.co/huxgujy6xm, 1
//t.co/nmx7wyqeou, 1
cuddled, 1
blanket, 1
tea, 1
side, 1
maybe, 1
sign, 1
impressive, 1
huge, 1
audience, 1
//t.co/23xoshxvv6, 1
//t.co/wzo48urk2n, 1
embalajedigâ€¦, 1
//t.co/gjak50arzd, 1
faced0wsn, 1
sm, 1
kdksksks, 1
guys, 1
behind, 1
story, 1
jxmeswav, 1
music, 1
ğŸ™‡ğŸ½â€â™‚ï¸ğŸ’˜, 1
//t.co/gsavit2z6o, 1
pablo, 1
//t.co/9j2ee514at, 1
johnsonpaige28, 1
research, 1
concluded, 1
fact, 1
zoey, 1
101, 1
//t.coâ€¦, 1
//t.co/bw40twpund, 1
ofstudisms, 1
â€”â€”, 1
hell, 1
crossovers, 1
timeline, 1
flexible, 1
desc, 1
mature, 1
wriâ€¦, 1
chief, 1
daughter, 1
sara, 1
hairband, 1
//t.co/iexaslvjpk, 1
follow, 1
theloversparty, 1
spree, 1
like/rt, 1
ğŸˆ, 1
become, 1
otherâ€¦, 1
****, 1
//t.co/ddybeuwyao, 1
//t.co/2np4obrtva, 1
gabguerero, 1
belong, 1
population, 1
single, 1
entertaining, 1
especially, 1
eleven/, 1
ğŸ’–ğŸ’–ğŸ’–ğŸ’–, 1
ğŸ–¤â¤ï¸, 1
sondage, 1
ive, 1
loved, 1
brings, 1
ğŸ’–, 1
//t.co/ctfrwmrefq, 1
//t.co/utzttqi4ze, 1
baki, 1
oniyfinn, 1
harry, 1
styles, 1
ot4, 1
ot5, 1
hyped, 1
//t.co/kzqr5tiibx, 1
cost, 1
omuox, 1
matter, 1
viewership, 1
naaielyx, 1
murder, 1
.comment, 1
â¤ï¸if, 1
chnceofaliftime, 1
overrated, 1
season1, 1
movin, 1
season2, 1
usually, 1
theresa, 1
cbr, 1
//t.co/kmgmek0bm8, 1
//t.co/0exyqxml4x, 1
final, 1
hd, 1
//t.co/f1dfnypuf9, 1
//t.co/7kwkez7kfk, 1
_riverdalenews, 1
coachella, 1
//t.co/enfhuyldc4, 1
yeah, 1
school, 1
rejects, 1
kibum, 1
//t.co/ys0unqfudy, 1
ğŸ˜, 1
//t.co/8t9izljyca, 1
sonyvegasdex, 1
fortnitegame, 1
alienware, 1
heres, 1
mine, 1
replayroyale, 1
//t.co/61qam9gose, 1
benjaminjs, 1
golden, 1
're, 1
missing, 1
gems, 1
//t.câ€¦, 1
//t.co/cf3cazsup3, 1
//t.co/v4rax0w7vr, 1
peytonwich, 1
jeremyraytaylor, 1
mornings, 1
coffee, 1
quotes, 1
onesies, 1
infant, 1
bodysuit, 1
//t.co/6yrxedntwe, 1
//t.co/io0fjsxbhw, 1
awesomesauce, 1
deadline, 1
reports, 1
//t.co/a4sgcmdzmi, 1
damn, 1
truancy, 1
paquita, 1
salas, 1
con, 1
muyfan, 1
//t.co/tqfpznu7vp, 1
annelieseo1962, 1
//t.co/i0g17lr1e3, 1
priscillag1, 1
soul, 1
wondering, 1
yall, 1
auditions, 1
prepare, 1
//t.co/6lilto7pkr, 1
girl, 1
//t.co/h7olzy6qyi, 1
obi_ra_kenobi, 1
disappointed, 1
*notâ€¦, 1
//t.co/zydw0qvrzq, 1
babsbatgirlfan, 1
//t.co/1amy1mm5ua, 1
//t.co/djayhbs6q4, 1
supernatural, 1
flash, 1
//t.co/2k8lo97jyd, 1
encante, 1
//t.co/4agesxomch, 1
wolfx999, 1
//t.co/scxe9gvvf2, 1
stupsidedown011, 1
//t.co/e8bbo4niv0, 1
argentina, 1
ğŸ‡¦ğŸ‡·âœ¨, 1
//t.co/ylqg6qnorl, 1
ğŸ¬ğŸ“½, 1
//t.co/g81b4gqcez, 1
ğŸ§Ÿâ€â™‚ï¸, 1
hndrixlamar, 1
//t.co/prs5k1ocix, 1
//t.co/ibh3spdnc9, 1
omg, 1
//t.co/hoio0jd3ii, 1
lvurvdelgv2, 1
mi, 1
mejores, 1
obviamente, 1
3-.skam, 1
vikings, 1
6., 1
7.â€¦, 1
ssanderson942, 1
jea_boiler13, 1
//t.co/uvasmyoojw, 1
privilegedboca, 1
plot, 1
twist, 1
1r7g, 1
tunein, 1
//t.co/sfsaka9kpe, 1
hamadosis, 1
atakannozyurt, 1
dianafolleco, 1
si, 1
te, 1
visto, 1
apartment, 1
23, 1
es, 1
chistosa, 1
murdâ€¦, 1
//t.co/ciqmk7jnxh, 1
fuck, 1
cosanpa, 1
//t.co/f2zry0tvyg, 1
4everdeleonn, 1
ğŸ¤§ğŸ’•, 1
//t.co/p2jcsduust, 1
cbcradio3, 1
vancouver, 1
indie, 1
band, 1
calpurnia, 1
fronted, 1
highest, 1
debut, 1
top30, 1
chaâ€¦, 1
tried, 1
badly, 1
//t.co/dkcrrygntq, 1
//t.co/xg8aw5j1hv, 1
//t.co/qeyng3zcez, 1
//t.co/v4iyp3g6di, 1
//t.co/9wuxemu9jk, 1
around, 1
second, 1
children, 1
bloody, 1
partâ€¦, 1
//t.co/expwj9b1sy, 1
thingsğŸ’•ğŸ’•, 1
//t.co/jncragw6s9, 1
andy, 1
griffith, 1
showstruck4, 1
//t.co/q6lp5qbzdc, 1
boomboombetty, 1
grounds, 1
divorce, 1
lawyer, 1
irreconcilâ€”, 1
wife, 1
divorcâ€¦, 1
episodes, 1
power, 1
spoilers, 1
nospoilers, 1
grande, 1
//t.co/xx2vb1idxh, 1
recap, 1
episodio, 1
super, 1
vinyls, 1
//t.co/mrcxryxau9, 1
hannahvailoces, 1
leebruce123, 1
foo, 1
fighters, 1
//t.co/nqdjlt1zh0, 1
wallpaper, 1
local, 1
natives, 1
soundcloud, 1
//t.co/nd5s3eyqr2, 1
orchidslantern, 1
totally, 1
happens, 1
element, 1
simâ€¦, 1
//t.co/4ehcawv6wm, 1
quaking, 1
notearslefttocrytonight, 1
//t.co/0ambd5kcpq, 1
ğŸ˜­ğŸ˜­ğŸ˜­, 1
//t.co/aieisxmcam, 1
wikearts, 1
art, 1
post, 1
yea, 1
stranger_thingsâ€¦, 1
knows, 1
rather, 1
pass, 1
mariina_gs, 1
//t.co/wqneunnlum, 1
fix, 1
stores, 1
call, 1
1-800-goobass, 1
anonymously, 1
sexually, 1
harassing, 1
females.the, 1
glutenfrida_, 1
//t.co/vifpwyljll, 1
combust, 1
gary, 1
complete, 1
response, 1
youâ€¦, 1
//t.co/5upikhqf7r, 1
universal, 1
studios, 1
singapore, 1
opens, 1
ticketing, 1
things-themed, 1
event, 1
//t.co/s2ngyvvhqe, 1
verymileven, 1
thread, 1
drawings, 1
stick, 1
descubrir, 1
clash, 1
por, 1
theojmo, 1
sure, 1
london, 1
suggest, 1
//t.co/gkymhgqoop, 1
//t.co/9avrdi1cb6, 1
hair, 1
powerful, 1
ridiculous, 1
â¤ï¸, 1
ğŸ’•ğŸ’•, 1
//t.co/kctu6jy85d, 1
channels, 1
legal, 1
warning, 1
//t.co/wmhwvoagsa, 1
dirty, 1
oyl, 1
oylradio, 1
naâ€¦, 1
//t.co/63uhbfrtb0, 1
hmalik1977, 1
kingkennethynwa, 1
henry14kay, 1
elsieelse, 1
dad, 1
ray, 1
donovâ€¦, 1
//t.co/7ohnprev5n, 1
//t.co/r0kn5n1ain, 1
variety, 1
//t.co/ibqdjm9gzf, 1
alan, 1
walker, 1
stephenamell, 1
agent, 1
shield, 1
askamell, 1
beychella, 1
affects, 1
lilyxnelson, 1
//t.co/g6io1dfyif, 1
concept, 1
dwt, 1
touch, 1
version, 1
photos, 1
timer, 1
believed, 1
tf, 1
flryves, 1
congrats, 1
brokefemme, 1
thru, 1
tweet, 1
urs, 1
bc, 1
rewatching, 1
things..ca, 1
lott, 1
assignments, 1
nahh, 1
weondinho, 1
feeling, 1
bobby, 1
rdj134, 1
net, 1
als, 1
sean, 1
astin, 1
ğŸ¤£, 1
//t.co/fen4nrqkth, 1
iii, 1
//t.co/4me6elkw5w, 1
audiomack, 1
illustration, 1
libre, 1
//t.co/sswnxl9ipp, 1
buyers, 1
ğŸ˜¢ğŸ˜£, 1
//t.co/u9mrk53oa8, 1
5/10, 1
july, 1
releases, 1
depicting, 1
alternate, 1
dimension, 1
monstersâ€¦, 1
//t.co/kiudzulpuq, 1
rreapz, 1
peaky, 1
blinders, 1
fanmade, 1
//t.co/sslpumov9s, 1
mystery, 1
minis, 1
new-, 1
box, 1
//t.co/lgdklxnhnm, 1
bobbleheads, 1
nodders, 1
bobblers, 1
//t.co/v2pjijit0s, 1
xurastei, 1
ou, 1
xuragou, 1
things/bill, 1
mashup, 1
afoot, 1
circle, 1
k, 1
ep4, 1
followed, 1
instagram, 1
litte, 1
7.5m, 1
6.7m, 1
6.1mâ€¦, 1
mention, 1
antagonist, 1
demigorgon, 1
thingsğŸ˜‚, 1
giftedvoicess, 1
fail, 1
surprise, 1
tbh, 1
//t.co/iajfsujhep, 1
mckenzie_rich, 1
girl-, 1
jane, 1
virgin-, 1
flash-, 1
shameless-, 1
bates, 1
motel-, 1
daddy-, 1
things-, 1
izombie-, 1
annierose_cole, 1
faverite, 1
thingsğŸ’¡xx, 1
8, 1
ğŸš¨, 1
//t.co/pfomnzz1mv, 1
//t.co/kplazdklq8, 1
ğŸ“±, 1
ricky, 1
berwick, 1
itsveerosee, 1
ğŸ’€, 1
leofwg, 1
como, 1
caralho, 1
ganhou, 1
wtf, 1
itsletricia, 1
nancy, 1
jonathan, 1
//t.co/pk34a9pkk8, 1
delete, 1
cause.., 1
big, 1
oops, 1
dexter, 1
cards, 1
burgers, 1
parks, 1
rec, 1
suits, 1
spongebob, 1
teletubbies, 1
swiftlyheaton, 1
gay, 1
stans, 1
deserve, 1
//t.co/6qsttvfr5x, 1
cheryl, 1
blossom, 1
kntswan, 1
funficstore, 1
greys, 1
anatomy, 1
//t.co/sz5nnd0gih, 1
robincovington, 1
forensic, 1
files, 1
adult, 1
paid, 1
ones, 1
screen, 1
livetweets, 1
//t.co/ehoqcvmami, 1
//t.co/kv6xuinflh, 1
managed, 1
pull, 1
toughâ€¦, 1
//t.co/dtw7rw7l52, 1
strangerwriters, 1
timw, 1
peyton, 1
wich, 1
sony, 1
'goosebumps, 1
wendi, 1
mclendon-covey, 1
ken, 1
jeong, 1
//t.co/7qkcydxuuj, 1
lanapedia, 1
lanadelrey, 1
jordidelreyy, 1
s2e7, 1
//t.co/z7lsfex0cu, 1
//t.co/aqbcdumq3w, 1
dropping, 1
actual, 1
sequel, 1
insider, 1
deâ€¦, 1
lavaza, 1
transparent, 1
galaxy, 1
s4, 1
s5, 1
mini, 1
s6, 1
s7, 1
edge, 1
s8, 1
usd, 1
2.42â€¦, 1
//t.co/boqry1oajd, 1
conscious, 1
hermainem, 1
rappers, 1
commercial, 1
trappers, 1
ğŸ˜­, 1
//tâ€¦, 1
haha, 1
creep, 1
gave, 1
zombieâ€¦, 1
//t.co/dzgkk2qqvp, 1
watches, 1
//t.co/mtmyhfu7kw, 1
sarahmcgbeauty, 1
officially, 1
tasked, 1
unique, 1
honor, 1
featuring, 1
set, 1
iâ€¦, 1
nowthisnews, 1
care, 1
____issma, 1
//t.co/kqu9g7hsew, 1
man, 1
waxpancake, 1
unpopular, 1
opinion, 1
somewhat, 1
similar, 1
relaying, 1
messages, 1
parents, 1
cops, 1
light, 1
//t.co/q6oprtya6y, 1
ehjovan, 1
jacob, 1
sagittarius, 1
cheated, 1
vivendo, 1
pra, 1
pâ€¦, 1
//t.co/d25p3jz1ix, 1
thinks, 1
brand, 1
roles, 1
//t.co/uqxshypcxe, 1
//t.co/hnaokrpfyk, 1
dutchyfan9, 1
jfc, 1
fake, 1
otherwise, 1
//t.co/dugknbj8bj, 1
stangerthingsâ€¦, 1
//t.co/483clyofxj, 1
find, 1
cool, 1
visit, 1
//strange, 1
//t.co/syhottnlpi, 1
//t.co/2wurw9rxly, 1
crulon_ae, 1
nail, 1
barbed, 1
wire, 1
mostly, 1
bcos, 1
quitdevils, 1
oof, 1
//t.co/f5ovh3tbk5, 1
thenerdragepod, 1
stangerthings, 1
netflixâ€¦, 1
vibes, 1
//t.co/7uzjm87cpx, 1
13th, 1
berezin, 1
ğŸ™ƒstranger, 1
thingsâ˜ºï¸, 1
109/365, 1
sphynxswag, 1
sphynx, 1
sphynxlair, 1
losâ€¦, 1
//t.co/cq8bszzyd7, 1
ellle_em, 1
sorta, 1
writing, 1
right, 1
foster, 1
imaginary, 1
friends/diâ€¦, 1
27, 1
pilot, 1
chapter, 1
vanishing, 1
byers, 1
//t.co/tkhmdtuebu, 1
b, 1
morales, 1
mix, 1
diana, 1
downs, 1
jules_avila, 1
berries, 1
wieeee, 1
tanauan, 1
mathy, 1
vans, 1
85th, 1
celebrates, 1
fans, 1
ok., 1
binged, 1
it.â€¦, 1
//t.co/o4etwjcyns, 1
severely, 1
underrated, 1
//t.co/w04m7vdcih, 1
ciscocollab, 1
collaboration, 1
ciscowebex, 1
11th, 1
jeeze, 1
looking, 1
shadow, 1
monster, 1
79, 1
equalizer, 1
edgar, 1
fulltime, 1
//t.co/ingxjapchp, 1
kaykay0715, 1
bheintzskol, 1
wins, 1
chance, 1
ğŸ“½, 1
probably, 1
s02e06, 1
//t.co/lmn0avxpmt, 1
//t.co/ron6hd25wt, 1
//t.co/5b6doycdsz, 1
screendaily, 1
recruits, 1
headed, 1
//t.co/â€¦, 1
//t.co/2ufhec4gxg, 1
god, 1
re-watch, 1
hahahahaha, 1
ğŸ¶, 1
ep, 1
4, 1
à¹à¸Šà¸£à¹Œà¸Šà¸µà¸£à¸µà¸¢à¹Œà¸à¸£à¸±à¹ˆà¸‡à¸—à¸µà¹ˆà¸”à¸¹, 1
skins, 1
inbetweeners, 1
f***ing, 1
atypical, 1
mâ€¦, 1
//t.co/oabok5ssu8, 1
thought, 1
late, 1
worst, 1
fortnite, 1
mobile, 1
seasonâ€¦, 1
//t.co/citxiunvks, 1
//t.co/nz5wepmzyo, 1
anomalyalice, 1
cheap, 1
nostalgia, 1
ploy, 1
vevo, 1
couple, 1
kygomusic, 1
deal, 1
arm, 1
law, 1
fewâ€¦, 1
â¤â¤ğŸŒºğŸŒ¹â¤â¤, 1
//t.co/fgtfmiuxhf, 1
hooked, 1
sis, 1
bro, 1
//t.co/pppzcqszhi, 1
jjaimeheller, 1
jaime, 1
veronicamonts17, 1
hell0, 1
fellow, 1
maze, 1
runner, 1
ğŸ˜», 1
justtomholland, 1
holland, 1
sebastian, 1
nick, 1
robinson, 1
joe, 1
keery, 1
dacre, 1
montgomerâ€¦, 1
makes, 1
pakistan, 1
proud, 1
geeky, 1
nerd, 1
sensâ€¦, 1
//t.co/arizwg2m38, 1
waiting, 1
table, 1
suffer, 1
scandal, 1
hollywood, 1
let, 1
rest, 1
//t.co/uyzfclpeei, 1
alexgoalkeep, 1
channel, 1
last, 1
minute, 1
costume, 1
trivia, 1
strangerthingscosplay, 1
joycebyersâ€¦, 1
//t.co/zkdf8kei0l, 1
//t.co/xyrvj3ojxu, 1
yessss, 1
//t.co/86ey71azfy, 1
dopespillcomics, 1
//t.co/xyrvjâ€¦, 1
recognize, 1
doppelgÃ¤nger, 1
sheriff, 1
internet, 1
//t.co/pasflalfje, 1
theatrefelicity, 1
ğŸ˜‰, 1
yess, 1
dynastie, 1
la, 1
casa, 1
papel, 1
//t.co/cltbifbete, 1
6th, 1
graders, 1
grossed, 1
kisses, 1
hay_sigs, 1
shameless, 1
jnlle_tamayo, 1
-star, 1
wars, 1
-dodie, 1
-noah, 1
schnapp, 1
-john, 1
krasinski, 1
-b99, 1
-rs, 1
hoi, 1
announcement, 1
futon, 1
critic, 1
//t.co/ahf71jmsgm, 1
sht, 1
ign, 1
references, 1
//t.co/zhegel3sa9, 1
//t.co/v3hby9psy4, 1
gg, 1
tvd, 1
fav, 1
karakterlerin, 1
chuck, 1
chandler, 1
joey, 1
gt, 1
damon, 1
st, 1
sâ€¦, 1
//t.co/zgokqtit1z, 1
4d_productions, 1
higuarashi, 1
mid-2000, 1
maâ€¦, 1
//t.co/nmilxnv6px, 1
title, 1
sequence, 1
repeat, 1
hour, 1
wrong, 1
_fearoftrying_, 1
panic, 1
waterparks, 1
crankthatfrank, 1
shane, 1
dawson, 1
anyâ€¦, 1
//t.co/gpqoi5fwm6, 1
ooh, 1
//t.co/8ujgrdniov, 1
groovybruce, 1
offered, 1
hmmmm, 1
comicnewsglobal, 1
//t.co/sybpqn1whw, 1
gayle, 1
running, 1
2s, 1
majorjipp, 1
//t.co/kswcillvko, 1
qu33n_julie, 1
clowndaddie, 1
stand, 1
ta, 1
protect, 1
sayğŸ˜¤ğŸ˜¤, 1
strangerthingsfans, 1
bicycle, 1
logo, 1
necklace, 1
//t.co/6lxkvhwrkm, 1
//t.co/weuwj7lgqa, 1
vm__x, 1
_gypsyx, 1
hhn, 1
//t.co/qrvd8aaru0, 1
alleyofbooks, 1
//t.co/m51nheaajr, 1
mala, 1
vibe, 1
sa, 1
bleeding, 1
nose, 1
sweatshirt, 1
urbanstreetwear, 1
//t.co/zlob59pvj2, 1
rbbeaimh, 1
impact, 1
//t.co/hjhgjlskr8, 1
falcoholicmatt, 1
falconskelsey, 1
keanu_neal, 1
reference, 1
rachelm55821874, 1
ai, 1
iot, 1
bigdata, 1
ht, 1
mikequindazzi, 1
//t.co/4btâ€¦, 1
re-watching, 1
beyond, 1
souls, 1
legit, 1
scientists, 1
opening, 1
gate, 1
spiritsâ€¦, 1
//t.co/z3xysorhtc, 1
ğŸ˜­ğŸ˜­ğŸ˜­ğŸ˜­my, 1
asyouwish, 1
//t.co/jamls1h424, 1
gamespot, 1
nostalgic, 1
names, 1
//t.co/ussow1ezzy, 1
//t.co/r1i49pypfe, 1
â–¸, 1
jack, 1
twitter, 1
dancing, 1
soundtrack, 1
thingsâ€¦, 1
//t.co/wiuofbu9cu, 1
//t.co/pzj7b5grjq, 1
yahooent, 1
amladydragonfly, 1
mrstad, 1
wâ€¦, 1
//t.co/l15mzehmz9, 1
arts, 1
artist, 1
artwork, 1
//t.co/7vdkupf3oz, 1
lowest, 1
200, 1
reebok, 1
ex-o-fit, 1
bait, 1
ghostbusters, 1
sz, 1
9.5, 1
//t.co/jehs5rbair, 1
//t.co/u0fcdugzwi, 1
marryarbilo, 1
davidgross_man, 1
extremely, 1
mad, 1
became, 1
opposed, 1
vandal, 1
transition, 1
halloween, 1
gives, 1
//t.co/vfvpdttbqk, 1
//t.co/iyvlbpogxz, 1
saying, 1
2007, 1
hopefully, 1
summer, 1
hot, 1
dry, 1
april, 1
forâ€¦, 1
//t.co/9tvg0vmghk, 1
projetokatybr, 1
premiosmtvmiaw, 1
mtvbrpetnugget, 1
playthrough, 1
fun, 1
//t.co/vfhay2cc6t, 1
otsscommunity, 1
honorable, 1
mentions, 1
attack, 1
titan, 1
brooklyn, 1
99, 1
lucifer, 1
â€“, 1
welsh, 1
mitchell, 1
medium, 1
//t.co/utpf4uwfcg, 1
//t.co/o4spztqzel, 1
season3, 1
//t.co/id15xbpdgd, 1
hardcore, 1
//t.co/oz5bdbfr4r, 1
petrovaxfirex, 1
loâ€¦, 1
due, 1
entry, 1
nel, 1
//t.co/nd6dwh5tf1, 1
asked, 1
demogorgon, 1
sabxmoonstruck, 1
started, 1
sucker, 1
based, 1
thisâ€¦, 1
//t.co/bmiak8bmb3, 1
sama_elgohary, 1
asaprockysnaps, 1
ap, 1
rocky, 1
//t.co/hogbzdgw3m, 1
cellphone, 1
shutangina, 1
quality, 1
recording, 1
ko.â€¦, 1
//t.co/bokbqfcw99, 1
girlsonfilm80, 1
party, 1
//t.co/wlnrbxoevt, 1
grab, 1
Â£3, 1
ticket, 1
//t.co/0zwâ€¦, 1
holds, 1
special, 1
heart, 1
mancitymen, 1
mcfc, 1
//t.co/8zjxhbfhi6, 1
que, 1
vuelva, 1
yaaa, 1
ğŸ¤©, 1
ğŸ’“ğŸ’“ğŸ’“, 1
//t.co/ejmr8vdyfq, 1
bokesponja, 1
paul_lozano, 1
dark.., 1
andybisnoslcfc, 1
ğŸ‘, 1
lyntheshipper, 1
-harry, 1
potter, 1
-game, 1
oâ€¦, 1
arimojiofficiai, 1
//t.co/tpiqp0x33a, 1
lip, 1
reading, 1
noahschapps, 1
curvy, 1
womanâ„¢, 1
-imessage, 1
-be, 1
soft, 1
freaking, 1
loud, 1
-nâ€¦, 1
excited, 1
kick, 1
inactives, 1
ğŸ¤§, 1
watcâ€¦, 1
outside, 1
//t.co/gjb2arckfp, 1
vgm, 1
gamemusic, 1
everydaybxca, 1
-have, 1
obviously, 1
-donâ€¦, 1
ur, 1
schnapphard, 1
ğŸ’—ğŸ¤¡, 1
send, 1
talk, 1
basta, 1
yaaaaaas, 1
carryelwesâ€¦, 1
//t.co/rco4csrqjz, 1
larslayag, 1
thinking, 1
roblox, 1
doctor, 1
bttf, 1
intro, 1
ğŸ™, 1
except, 1
exception, 1
born, 1
2000, 1
curse, 1
//t.co/fc8bqblvtp, 1
//t.co/6xw47zzvgt, 1
raps, 1
nicki, 1
minaj, 1
'monster, 1
verse, 1
enews, 1
//t.co/tlmz3qspoj, 1
briantoinette11, 1
yassssss, 1
put, 1
to-do, 1
list, 1
portion, 1
horrornightsorl, 1
ethel, 1
barb, 1
person, 1
wear, 1
wearing, 1
overhead, 1
giâ€¦, 1
//t.co/8w0iuzayf2, 1
75, 1
stig, 1
rasmussen, 1
brutusville, 1
//t.co/fnhbnauhcg, 1
skdhsbsjfkfjsb, 1
hoping, 1
collaborated, 1
spider-manğŸ™ğŸ¼, 1
yasğŸ‘ğŸ¼, 1
//t.co/wvuhhbnz4x, 1
bdisgusting, 1
target, 1
making, 1
dreams, 1
true, 1
releasing, 1
hoodie, 1
//t.co/k32j3fihiv, 1
//t.co/e9zhp6uâ€¦, 1
ft, 1
ğŸ”¥, 1
sad, 1
revisit, 1
deaths, 1
//t.co/lvakwsglvk, 1
ughwheeler, 1
crack, 1
giving, 1
ccto, 1
//t.co/2so9qtysfn, 1
lineup, 1
signed, 1
